/*
 Navicat Premium Data Transfer

 Source Server         : localhost
 Source Server Type    : MySQL
 Source Server Version : 50720
 Source Host           : localhost:3306
 Source Schema         : custom_starter

 Target Server Type    : MySQL
 Target Server Version : 50720
 File Encoding         : 65001

 Date: 21/11/2017 17:27:49
*/

SET NAMES utf8mb4;
SET FOREIGN_KEY_CHECKS = 0;

-- ----------------------------
-- Table structure for city_info
-- ----------------------------
DROP TABLE IF EXISTS `city_info`;
CREATE TABLE `city_info`  (
  `id` int(11) NOT NULL,
  `name` varchar(255) CHARACTER SET utf8mb4 COLLATE utf8mb4_general_ci NULL DEFAULT NULL,
  `type` varchar(255) CHARACTER SET utf8mb4 COLLATE utf8mb4_general_ci NULL DEFAULT NULL,
  `pid` int(11) NULL DEFAULT NULL,
  PRIMARY KEY (`id`) USING BTREE
) ENGINE = InnoDB CHARACTER SET = utf8mb4 COLLATE = utf8mb4_general_ci ROW_FORMAT = Compact;

-- ----------------------------
-- Records of city_info
-- ----------------------------
INSERT INTO `city_info` VALUES (10, '北京', '0', 0);
INSERT INTO `city_info` VALUES (11, '天津', '0', 0);
INSERT INTO `city_info` VALUES (12, '河北', '0', 0);
INSERT INTO `city_info` VALUES (13, '山西', '0', 0);
INSERT INTO `city_info` VALUES (14, '内蒙古', '0', 0);
INSERT INTO `city_info` VALUES (15, '辽宁', '0', 0);
INSERT INTO `city_info` VALUES (16, '吉林', '0', 0);
INSERT INTO `city_info` VALUES (17, '黑龙江', '0', 0);
INSERT INTO `city_info` VALUES (18, '上海', '0', 0);
INSERT INTO `city_info` VALUES (19, '江苏', '0', 0);
INSERT INTO `city_info` VALUES (20, '浙江', '0', 0);
INSERT INTO `city_info` VALUES (21, '安徽', '0', 0);
INSERT INTO `city_info` VALUES (22, '福建', '0', 0);
INSERT INTO `city_info` VALUES (23, '江西', '0', 0);
INSERT INTO `city_info` VALUES (24, '山东', '0', 0);
INSERT INTO `city_info` VALUES (25, '河南', '0', 0);
INSERT INTO `city_info` VALUES (26, '湖北', '0', 0);
INSERT INTO `city_info` VALUES (27, '湖南', '0', 0);
INSERT INTO `city_info` VALUES (28, '广东', '0', 0);
INSERT INTO `city_info` VALUES (29, '广西', '0', 0);
INSERT INTO `city_info` VALUES (30, '海南', '0', 0);
INSERT INTO `city_info` VALUES (31, '重庆', '0', 0);
INSERT INTO `city_info` VALUES (32, '四川', '0', 0);
INSERT INTO `city_info` VALUES (33, '贵州', '0', 0);
INSERT INTO `city_info` VALUES (34, '云南', '0', 0);
INSERT INTO `city_info` VALUES (35, '西藏', '0', 0);
INSERT INTO `city_info` VALUES (36, '陕西', '0', 0);
INSERT INTO `city_info` VALUES (37, '甘肃', '0', 0);
INSERT INTO `city_info` VALUES (38, '青海', '0', 0);
INSERT INTO `city_info` VALUES (39, '宁夏', '0', 0);
INSERT INTO `city_info` VALUES (40, '新疆', '0', 0);
INSERT INTO `city_info` VALUES (41, '香港', '0', 0);
INSERT INTO `city_info` VALUES (42, '澳门', '0', 0);
INSERT INTO `city_info` VALUES (43, '台湾', '0', 0);
INSERT INTO `city_info` VALUES (44, '国外', '0', 0);
INSERT INTO `city_info` VALUES (1000, '北京市', '1', 10);
INSERT INTO `city_info` VALUES (1100, '天津市', '1', 11);
INSERT INTO `city_info` VALUES (1200, '石家庄市', '1', 12);
INSERT INTO `city_info` VALUES (1201, '唐山市', '1', 12);
INSERT INTO `city_info` VALUES (1202, '秦皇岛市', '1', 12);
INSERT INTO `city_info` VALUES (1203, '邯郸市', '1', 12);
INSERT INTO `city_info` VALUES (1204, '邢台市', '1', 12);
INSERT INTO `city_info` VALUES (1205, '保定市', '1', 12);
INSERT INTO `city_info` VALUES (1206, '张家口市', '1', 12);
INSERT INTO `city_info` VALUES (1207, '承德市', '1', 12);
INSERT INTO `city_info` VALUES (1208, '沧州市', '1', 12);
INSERT INTO `city_info` VALUES (1209, '廊坊市', '1', 12);
INSERT INTO `city_info` VALUES (1210, '衡水市', '1', 12);
INSERT INTO `city_info` VALUES (1300, '太原市', '1', 13);
INSERT INTO `city_info` VALUES (1301, '大同市', '1', 13);
INSERT INTO `city_info` VALUES (1302, '阳泉市', '1', 13);
INSERT INTO `city_info` VALUES (1303, '长治市', '1', 13);
INSERT INTO `city_info` VALUES (1304, '晋城市', '1', 13);
INSERT INTO `city_info` VALUES (1305, '朔州市', '1', 13);
INSERT INTO `city_info` VALUES (1306, '晋中市', '1', 13);
INSERT INTO `city_info` VALUES (1307, '运城市', '1', 13);
INSERT INTO `city_info` VALUES (1308, '忻州市', '1', 13);
INSERT INTO `city_info` VALUES (1309, '临汾市', '1', 13);
INSERT INTO `city_info` VALUES (1310, '吕梁市', '1', 13);
INSERT INTO `city_info` VALUES (1400, '呼和浩特市', '1', 14);
INSERT INTO `city_info` VALUES (1401, '包头市', '1', 14);
INSERT INTO `city_info` VALUES (1402, '乌海市', '1', 14);
INSERT INTO `city_info` VALUES (1403, '赤峰市', '1', 14);
INSERT INTO `city_info` VALUES (1404, '通辽市', '1', 14);
INSERT INTO `city_info` VALUES (1405, '鄂尔多斯市', '1', 14);
INSERT INTO `city_info` VALUES (1406, '呼伦贝尔市', '1', 14);
INSERT INTO `city_info` VALUES (1407, '巴彦淖尔市', '1', 14);
INSERT INTO `city_info` VALUES (1408, '乌兰察布市', '1', 14);
INSERT INTO `city_info` VALUES (1409, '兴安市', '1', 14);
INSERT INTO `city_info` VALUES (1410, '锡林郭勒市', '1', 14);
INSERT INTO `city_info` VALUES (1411, '阿拉善市', '1', 14);
INSERT INTO `city_info` VALUES (1500, '沈阳市', '1', 15);
INSERT INTO `city_info` VALUES (1501, '大连市', '1', 15);
INSERT INTO `city_info` VALUES (1502, '鞍山市', '1', 15);
INSERT INTO `city_info` VALUES (1503, '抚顺市', '1', 15);
INSERT INTO `city_info` VALUES (1504, '本溪市', '1', 15);
INSERT INTO `city_info` VALUES (1505, '丹东市', '1', 15);
INSERT INTO `city_info` VALUES (1506, '锦州市', '1', 15);
INSERT INTO `city_info` VALUES (1507, '营口市', '1', 15);
INSERT INTO `city_info` VALUES (1508, '阜新市', '1', 15);
INSERT INTO `city_info` VALUES (1509, '辽阳市', '1', 15);
INSERT INTO `city_info` VALUES (1510, '盘锦市', '1', 15);
INSERT INTO `city_info` VALUES (1511, '铁岭市', '1', 15);
INSERT INTO `city_info` VALUES (1512, '朝阳市', '1', 15);
INSERT INTO `city_info` VALUES (1513, '葫芦岛市', '1', 15);
INSERT INTO `city_info` VALUES (1600, '长春市', '1', 16);
INSERT INTO `city_info` VALUES (1601, '吉林市', '1', 16);
INSERT INTO `city_info` VALUES (1602, '四平市', '1', 16);
INSERT INTO `city_info` VALUES (1603, '辽源市', '1', 16);
INSERT INTO `city_info` VALUES (1604, '通化市', '1', 16);
INSERT INTO `city_info` VALUES (1605, '白山市', '1', 16);
INSERT INTO `city_info` VALUES (1606, '松原市', '1', 16);
INSERT INTO `city_info` VALUES (1607, '白城市', '1', 16);
INSERT INTO `city_info` VALUES (1608, '延边市', '1', 16);
INSERT INTO `city_info` VALUES (1700, '哈尔滨市', '1', 17);
INSERT INTO `city_info` VALUES (1701, '齐齐哈尔市', '1', 17);
INSERT INTO `city_info` VALUES (1702, '鸡西市', '1', 17);
INSERT INTO `city_info` VALUES (1703, '鹤岗市', '1', 17);
INSERT INTO `city_info` VALUES (1704, '双鸭山市', '1', 17);
INSERT INTO `city_info` VALUES (1705, '大庆市', '1', 17);
INSERT INTO `city_info` VALUES (1706, '伊春市', '1', 17);
INSERT INTO `city_info` VALUES (1707, '佳木斯市', '1', 17);
INSERT INTO `city_info` VALUES (1708, '七台河市', '1', 17);
INSERT INTO `city_info` VALUES (1709, '牡丹江市', '1', 17);
INSERT INTO `city_info` VALUES (1710, '黑河市', '1', 17);
INSERT INTO `city_info` VALUES (1711, '绥化市', '1', 17);
INSERT INTO `city_info` VALUES (1712, '大兴安岭市', '1', 17);
INSERT INTO `city_info` VALUES (1800, '上海市', '1', 18);
INSERT INTO `city_info` VALUES (1900, '南京市', '1', 19);
INSERT INTO `city_info` VALUES (1901, '无锡市', '1', 19);
INSERT INTO `city_info` VALUES (1902, '徐州市', '1', 19);
INSERT INTO `city_info` VALUES (1903, '常州市', '1', 19);
INSERT INTO `city_info` VALUES (1904, '苏州市', '1', 19);
INSERT INTO `city_info` VALUES (1905, '南通市', '1', 19);
INSERT INTO `city_info` VALUES (1906, '连云港市', '1', 19);
INSERT INTO `city_info` VALUES (1907, '淮安市', '1', 19);
INSERT INTO `city_info` VALUES (1908, '盐城市', '1', 19);
INSERT INTO `city_info` VALUES (1909, '扬州市', '1', 19);
INSERT INTO `city_info` VALUES (1910, '镇江市', '1', 19);
INSERT INTO `city_info` VALUES (1911, '泰州市', '1', 19);
INSERT INTO `city_info` VALUES (1912, '宿迁市', '1', 19);
INSERT INTO `city_info` VALUES (2000, '杭州市', '1', 20);
INSERT INTO `city_info` VALUES (2001, '宁波市', '1', 20);
INSERT INTO `city_info` VALUES (2002, '温州市', '1', 20);
INSERT INTO `city_info` VALUES (2003, '嘉兴市', '1', 20);
INSERT INTO `city_info` VALUES (2004, '湖州市', '1', 20);
INSERT INTO `city_info` VALUES (2005, '绍兴市', '1', 20);
INSERT INTO `city_info` VALUES (2006, '金华市', '1', 20);
INSERT INTO `city_info` VALUES (2007, '衢州市', '1', 20);
INSERT INTO `city_info` VALUES (2008, '舟山市', '1', 20);
INSERT INTO `city_info` VALUES (2009, '台州市', '1', 20);
INSERT INTO `city_info` VALUES (2010, '丽水市', '1', 20);
INSERT INTO `city_info` VALUES (2100, '合肥市', '1', 21);
INSERT INTO `city_info` VALUES (2101, '芜湖市', '1', 21);
INSERT INTO `city_info` VALUES (2102, '蚌埠市', '1', 21);
INSERT INTO `city_info` VALUES (2103, '淮南市', '1', 21);
INSERT INTO `city_info` VALUES (2104, '马鞍山市', '1', 21);
INSERT INTO `city_info` VALUES (2105, '淮北市', '1', 21);
INSERT INTO `city_info` VALUES (2106, '铜陵市', '1', 21);
INSERT INTO `city_info` VALUES (2107, '安庆市', '1', 21);
INSERT INTO `city_info` VALUES (2108, '黄山市', '1', 21);
INSERT INTO `city_info` VALUES (2109, '滁州市', '1', 21);
INSERT INTO `city_info` VALUES (2110, '阜阳市', '1', 21);
INSERT INTO `city_info` VALUES (2111, '宿州市', '1', 21);
INSERT INTO `city_info` VALUES (2112, '巢湖市', '1', 21);
INSERT INTO `city_info` VALUES (2113, '六安市', '1', 21);
INSERT INTO `city_info` VALUES (2114, '亳州市', '1', 21);
INSERT INTO `city_info` VALUES (2115, '池州市', '1', 21);
INSERT INTO `city_info` VALUES (2116, '宣城市', '1', 21);
INSERT INTO `city_info` VALUES (2200, '福州市', '1', 22);
INSERT INTO `city_info` VALUES (2201, '厦门市', '1', 22);
INSERT INTO `city_info` VALUES (2202, '莆田市', '1', 22);
INSERT INTO `city_info` VALUES (2203, '三明市', '1', 22);
INSERT INTO `city_info` VALUES (2204, '泉州市', '1', 22);
INSERT INTO `city_info` VALUES (2205, '漳州市', '1', 22);
INSERT INTO `city_info` VALUES (2206, '南平市', '1', 22);
INSERT INTO `city_info` VALUES (2207, '龙岩市', '1', 22);
INSERT INTO `city_info` VALUES (2208, '宁德市', '1', 22);
INSERT INTO `city_info` VALUES (2300, '南昌市', '1', 23);
INSERT INTO `city_info` VALUES (2301, '景德镇市', '1', 23);
INSERT INTO `city_info` VALUES (2302, '萍乡市', '1', 23);
INSERT INTO `city_info` VALUES (2303, '九江市', '1', 23);
INSERT INTO `city_info` VALUES (2304, '新余市', '1', 23);
INSERT INTO `city_info` VALUES (2305, '鹰潭市', '1', 23);
INSERT INTO `city_info` VALUES (2306, '赣州市', '1', 23);
INSERT INTO `city_info` VALUES (2307, '吉安市', '1', 23);
INSERT INTO `city_info` VALUES (2308, '宜春市', '1', 23);
INSERT INTO `city_info` VALUES (2309, '抚州市', '1', 23);
INSERT INTO `city_info` VALUES (2310, '上饶市', '1', 23);
INSERT INTO `city_info` VALUES (2400, '济南市', '1', 24);
INSERT INTO `city_info` VALUES (2401, '青岛市', '1', 24);
INSERT INTO `city_info` VALUES (2402, '淄博市', '1', 24);
INSERT INTO `city_info` VALUES (2403, '枣庄市', '1', 24);
INSERT INTO `city_info` VALUES (2404, '东营市', '1', 24);
INSERT INTO `city_info` VALUES (2405, '烟台市', '1', 24);
INSERT INTO `city_info` VALUES (2406, '潍坊市', '1', 24);
INSERT INTO `city_info` VALUES (2407, '济宁市', '1', 24);
INSERT INTO `city_info` VALUES (2408, '泰安市', '1', 24);
INSERT INTO `city_info` VALUES (2409, '威海市', '1', 24);
INSERT INTO `city_info` VALUES (2410, '日照市', '1', 24);
INSERT INTO `city_info` VALUES (2411, '莱芜市', '1', 24);
INSERT INTO `city_info` VALUES (2412, '临沂市', '1', 24);
INSERT INTO `city_info` VALUES (2413, '德州市', '1', 24);
INSERT INTO `city_info` VALUES (2414, '聊城市', '1', 24);
INSERT INTO `city_info` VALUES (2415, '滨州市', '1', 24);
INSERT INTO `city_info` VALUES (2416, '菏泽市', '1', 24);
INSERT INTO `city_info` VALUES (2500, '郑州市', '1', 25);
INSERT INTO `city_info` VALUES (2501, '开封市', '1', 25);
INSERT INTO `city_info` VALUES (2502, '洛阳市', '1', 25);
INSERT INTO `city_info` VALUES (2503, '平顶山市', '1', 25);
INSERT INTO `city_info` VALUES (2504, '安阳市', '1', 25);
INSERT INTO `city_info` VALUES (2505, '鹤壁市', '1', 25);
INSERT INTO `city_info` VALUES (2506, '新乡市', '1', 25);
INSERT INTO `city_info` VALUES (2507, '焦作市', '1', 25);
INSERT INTO `city_info` VALUES (2508, '濮阳市', '1', 25);
INSERT INTO `city_info` VALUES (2509, '许昌市', '1', 25);
INSERT INTO `city_info` VALUES (2510, '漯河市', '1', 25);
INSERT INTO `city_info` VALUES (2511, '三门峡市', '1', 25);
INSERT INTO `city_info` VALUES (2512, '南阳市', '1', 25);
INSERT INTO `city_info` VALUES (2513, '商丘市', '1', 25);
INSERT INTO `city_info` VALUES (2514, '信阳市', '1', 25);
INSERT INTO `city_info` VALUES (2515, '周口市', '1', 25);
INSERT INTO `city_info` VALUES (2516, '驻马店市', '1', 25);
INSERT INTO `city_info` VALUES (2517, '济源市', '1', 25);
INSERT INTO `city_info` VALUES (2600, '武汉市', '1', 26);
INSERT INTO `city_info` VALUES (2601, '黄石市', '1', 26);
INSERT INTO `city_info` VALUES (2602, '十堰市', '1', 26);
INSERT INTO `city_info` VALUES (2603, '宜昌市', '1', 26);
INSERT INTO `city_info` VALUES (2604, '襄阳市', '1', 26);
INSERT INTO `city_info` VALUES (2605, '鄂州市', '1', 26);
INSERT INTO `city_info` VALUES (2606, '荆门市', '1', 26);
INSERT INTO `city_info` VALUES (2607, '孝感市', '1', 26);
INSERT INTO `city_info` VALUES (2608, '荆州市', '1', 26);
INSERT INTO `city_info` VALUES (2609, '黄冈市', '1', 26);
INSERT INTO `city_info` VALUES (2610, '咸宁市', '1', 26);
INSERT INTO `city_info` VALUES (2611, '随州市', '1', 26);
INSERT INTO `city_info` VALUES (2612, '恩施市', '1', 26);
INSERT INTO `city_info` VALUES (2613, '仙桃市', '1', 26);
INSERT INTO `city_info` VALUES (2614, '潜江市', '1', 26);
INSERT INTO `city_info` VALUES (2615, '天门市', '1', 26);
INSERT INTO `city_info` VALUES (2616, '神农架市', '1', 26);
INSERT INTO `city_info` VALUES (2700, '长沙市', '1', 27);
INSERT INTO `city_info` VALUES (2701, '株洲市', '1', 27);
INSERT INTO `city_info` VALUES (2702, '湘潭市', '1', 27);
INSERT INTO `city_info` VALUES (2703, '衡阳市', '1', 27);
INSERT INTO `city_info` VALUES (2704, '邵阳市', '1', 27);
INSERT INTO `city_info` VALUES (2705, '岳阳市', '1', 27);
INSERT INTO `city_info` VALUES (2706, '常德市', '1', 27);
INSERT INTO `city_info` VALUES (2707, '张家界市', '1', 27);
INSERT INTO `city_info` VALUES (2708, '益阳市', '1', 27);
INSERT INTO `city_info` VALUES (2709, '郴州市', '1', 27);
INSERT INTO `city_info` VALUES (2710, '永州市', '1', 27);
INSERT INTO `city_info` VALUES (2711, '怀化市', '1', 27);
INSERT INTO `city_info` VALUES (2712, '娄底市', '1', 27);
INSERT INTO `city_info` VALUES (2713, '湘西市', '1', 27);
INSERT INTO `city_info` VALUES (2800, '广州市', '1', 28);
INSERT INTO `city_info` VALUES (2801, '韶关市', '1', 28);
INSERT INTO `city_info` VALUES (2802, '深圳市', '1', 28);
INSERT INTO `city_info` VALUES (2803, '珠海市', '1', 28);
INSERT INTO `city_info` VALUES (2804, '汕头市', '1', 28);
INSERT INTO `city_info` VALUES (2805, '佛山市', '1', 28);
INSERT INTO `city_info` VALUES (2806, '江门市', '1', 28);
INSERT INTO `city_info` VALUES (2807, '湛江市', '1', 28);
INSERT INTO `city_info` VALUES (2808, '茂名市', '1', 28);
INSERT INTO `city_info` VALUES (2809, '肇庆市', '1', 28);
INSERT INTO `city_info` VALUES (2810, '惠州市', '1', 28);
INSERT INTO `city_info` VALUES (2811, '梅州市', '1', 28);
INSERT INTO `city_info` VALUES (2812, '汕尾市', '1', 28);
INSERT INTO `city_info` VALUES (2813, '河源市', '1', 28);
INSERT INTO `city_info` VALUES (2814, '阳江市', '1', 28);
INSERT INTO `city_info` VALUES (2815, '清远市', '1', 28);
INSERT INTO `city_info` VALUES (2816, '东莞市', '1', 28);
INSERT INTO `city_info` VALUES (2817, '中山市', '1', 28);
INSERT INTO `city_info` VALUES (2818, '潮州市', '1', 28);
INSERT INTO `city_info` VALUES (2819, '揭阳市', '1', 28);
INSERT INTO `city_info` VALUES (2820, '云浮市', '1', 28);
INSERT INTO `city_info` VALUES (2900, '南宁市', '1', 29);
INSERT INTO `city_info` VALUES (2901, '柳州市', '1', 29);
INSERT INTO `city_info` VALUES (2902, '桂林市', '1', 29);
INSERT INTO `city_info` VALUES (2903, '梧州市', '1', 29);
INSERT INTO `city_info` VALUES (2904, '北海市', '1', 29);
INSERT INTO `city_info` VALUES (2905, '防城港市', '1', 29);
INSERT INTO `city_info` VALUES (2906, '钦州市', '1', 29);
INSERT INTO `city_info` VALUES (2907, '贵港市', '1', 29);
INSERT INTO `city_info` VALUES (2908, '玉林市', '1', 29);
INSERT INTO `city_info` VALUES (2909, '百色市', '1', 29);
INSERT INTO `city_info` VALUES (2910, '贺州市', '1', 29);
INSERT INTO `city_info` VALUES (2911, '河池市', '1', 29);
INSERT INTO `city_info` VALUES (2912, '来宾市', '1', 29);
INSERT INTO `city_info` VALUES (2913, '崇左市', '1', 29);
INSERT INTO `city_info` VALUES (3000, '海口市', '1', 30);
INSERT INTO `city_info` VALUES (3001, '三亚市', '1', 30);
INSERT INTO `city_info` VALUES (3002, '五指山市', '1', 30);
INSERT INTO `city_info` VALUES (3003, '琼海市', '1', 30);
INSERT INTO `city_info` VALUES (3004, '儋州市', '1', 30);
INSERT INTO `city_info` VALUES (3005, '文昌市', '1', 30);
INSERT INTO `city_info` VALUES (3006, '万宁市', '1', 30);
INSERT INTO `city_info` VALUES (3007, '东方市', '1', 30);
INSERT INTO `city_info` VALUES (3100, '重庆市', '1', 31);
INSERT INTO `city_info` VALUES (3200, '成都市', '1', 32);
INSERT INTO `city_info` VALUES (3201, '自贡市', '1', 32);
INSERT INTO `city_info` VALUES (3202, '攀枝花市', '1', 32);
INSERT INTO `city_info` VALUES (3203, '泸州市', '1', 32);
INSERT INTO `city_info` VALUES (3204, '德阳市', '1', 32);
INSERT INTO `city_info` VALUES (3205, '绵阳市', '1', 32);
INSERT INTO `city_info` VALUES (3206, '广元市', '1', 32);
INSERT INTO `city_info` VALUES (3207, '遂宁市', '1', 32);
INSERT INTO `city_info` VALUES (3208, '内江市', '1', 32);
INSERT INTO `city_info` VALUES (3209, '乐山市', '1', 32);
INSERT INTO `city_info` VALUES (3210, '南充市', '1', 32);
INSERT INTO `city_info` VALUES (3211, '眉山市', '1', 32);
INSERT INTO `city_info` VALUES (3212, '宜宾市', '1', 32);
INSERT INTO `city_info` VALUES (3213, '广安市', '1', 32);
INSERT INTO `city_info` VALUES (3214, '达川市', '1', 32);
INSERT INTO `city_info` VALUES (3215, '雅安市', '1', 32);
INSERT INTO `city_info` VALUES (3216, '巴中市', '1', 32);
INSERT INTO `city_info` VALUES (3217, '资阳市', '1', 32);
INSERT INTO `city_info` VALUES (3218, '阿坝市', '1', 32);
INSERT INTO `city_info` VALUES (3219, '甘孜市', '1', 32);
INSERT INTO `city_info` VALUES (3220, '凉山市', '1', 32);
INSERT INTO `city_info` VALUES (3300, '贵阳市', '1', 33);
INSERT INTO `city_info` VALUES (3301, '六盘水市', '1', 33);
INSERT INTO `city_info` VALUES (3302, '遵义市', '1', 33);
INSERT INTO `city_info` VALUES (3303, '安顺市', '1', 33);
INSERT INTO `city_info` VALUES (3304, '铜仁市', '1', 33);
INSERT INTO `city_info` VALUES (3305, '黔西南市', '1', 33);
INSERT INTO `city_info` VALUES (3306, '毕节市', '1', 33);
INSERT INTO `city_info` VALUES (3307, '黔东南市', '1', 33);
INSERT INTO `city_info` VALUES (3308, '黔南市', '1', 33);
INSERT INTO `city_info` VALUES (3400, '昆明市', '1', 34);
INSERT INTO `city_info` VALUES (3401, '曲靖市', '1', 34);
INSERT INTO `city_info` VALUES (3402, '玉溪市', '1', 34);
INSERT INTO `city_info` VALUES (3403, '保山市', '1', 34);
INSERT INTO `city_info` VALUES (3404, '昭通市', '1', 34);
INSERT INTO `city_info` VALUES (3405, '丽江市', '1', 34);
INSERT INTO `city_info` VALUES (3406, '普洱市', '1', 34);
INSERT INTO `city_info` VALUES (3407, '临沧市', '1', 34);
INSERT INTO `city_info` VALUES (3408, '楚雄市', '1', 34);
INSERT INTO `city_info` VALUES (3409, '红河市', '1', 34);
INSERT INTO `city_info` VALUES (3410, '文山市', '1', 34);
INSERT INTO `city_info` VALUES (3411, '西双版纳市', '1', 34);
INSERT INTO `city_info` VALUES (3412, '大理市', '1', 34);
INSERT INTO `city_info` VALUES (3413, '德宏市', '1', 34);
INSERT INTO `city_info` VALUES (3414, '怒江傈市', '1', 34);
INSERT INTO `city_info` VALUES (3415, '迪庆市', '1', 34);
INSERT INTO `city_info` VALUES (3500, '拉萨市', '1', 35);
INSERT INTO `city_info` VALUES (3501, '昌都市', '1', 35);
INSERT INTO `city_info` VALUES (3502, '山南市', '1', 35);
INSERT INTO `city_info` VALUES (3503, '日喀则市', '1', 35);
INSERT INTO `city_info` VALUES (3504, '那曲市', '1', 35);
INSERT INTO `city_info` VALUES (3505, '阿里市', '1', 35);
INSERT INTO `city_info` VALUES (3506, '林芝市', '1', 35);
INSERT INTO `city_info` VALUES (3600, '西安市', '1', 36);
INSERT INTO `city_info` VALUES (3601, '铜川市', '1', 36);
INSERT INTO `city_info` VALUES (3602, '宝鸡市', '1', 36);
INSERT INTO `city_info` VALUES (3603, '咸阳市', '1', 36);
INSERT INTO `city_info` VALUES (3604, '渭南市', '1', 36);
INSERT INTO `city_info` VALUES (3605, '延安市', '1', 36);
INSERT INTO `city_info` VALUES (3606, '汉中市', '1', 36);
INSERT INTO `city_info` VALUES (3607, '榆林市', '1', 36);
INSERT INTO `city_info` VALUES (3608, '安康市', '1', 36);
INSERT INTO `city_info` VALUES (3609, '商洛市', '1', 36);
INSERT INTO `city_info` VALUES (3700, '兰州市', '1', 37);
INSERT INTO `city_info` VALUES (3701, '嘉峪关市', '1', 37);
INSERT INTO `city_info` VALUES (3702, '金昌市', '1', 37);
INSERT INTO `city_info` VALUES (3703, '白银市', '1', 37);
INSERT INTO `city_info` VALUES (3704, '天水市', '1', 37);
INSERT INTO `city_info` VALUES (3705, '武威市', '1', 37);
INSERT INTO `city_info` VALUES (3706, '张掖市', '1', 37);
INSERT INTO `city_info` VALUES (3707, '平凉市', '1', 37);
INSERT INTO `city_info` VALUES (3708, '酒泉市', '1', 37);
INSERT INTO `city_info` VALUES (3709, '庆阳市', '1', 37);
INSERT INTO `city_info` VALUES (3710, '定西市', '1', 37);
INSERT INTO `city_info` VALUES (3711, '陇南市', '1', 37);
INSERT INTO `city_info` VALUES (3712, '临夏市', '1', 37);
INSERT INTO `city_info` VALUES (3713, '甘南市', '1', 37);
INSERT INTO `city_info` VALUES (3800, '西宁市', '1', 38);
INSERT INTO `city_info` VALUES (3801, '海东市', '1', 38);
INSERT INTO `city_info` VALUES (3802, '海北市', '1', 38);
INSERT INTO `city_info` VALUES (3803, '黄南市', '1', 38);
INSERT INTO `city_info` VALUES (3804, '海南市', '1', 38);
INSERT INTO `city_info` VALUES (3805, '果洛市', '1', 38);
INSERT INTO `city_info` VALUES (3806, '玉树市', '1', 38);
INSERT INTO `city_info` VALUES (3807, '梅西市', '1', 38);
INSERT INTO `city_info` VALUES (3900, '银川市', '1', 39);
INSERT INTO `city_info` VALUES (3901, '石嘴山市', '1', 39);
INSERT INTO `city_info` VALUES (3902, '吴忠市', '1', 39);
INSERT INTO `city_info` VALUES (3903, '固原市', '1', 39);
INSERT INTO `city_info` VALUES (3904, '中卫市', '1', 39);
INSERT INTO `city_info` VALUES (4000, '乌鲁木齐市', '1', 40);
INSERT INTO `city_info` VALUES (4001, '克拉玛依市', '1', 40);
INSERT INTO `city_info` VALUES (4002, '吐鲁番市', '1', 40);
INSERT INTO `city_info` VALUES (4003, '哈密市', '1', 40);
INSERT INTO `city_info` VALUES (4004, '昌吉市', '1', 40);
INSERT INTO `city_info` VALUES (4005, '博尔塔拉市', '1', 40);
INSERT INTO `city_info` VALUES (4006, '巴音郭楞市', '1', 40);
INSERT INTO `city_info` VALUES (4007, '阿克苏市', '1', 40);
INSERT INTO `city_info` VALUES (4008, '克孜勒苏市', '1', 40);
INSERT INTO `city_info` VALUES (4009, '喀什市', '1', 40);
INSERT INTO `city_info` VALUES (4010, '和田市', '1', 40);
INSERT INTO `city_info` VALUES (4011, '伊犁市', '1', 40);
INSERT INTO `city_info` VALUES (4012, '塔城市', '1', 40);
INSERT INTO `city_info` VALUES (4013, '阿勒泰市', '1', 40);
INSERT INTO `city_info` VALUES (4014, '石河子市', '1', 40);
INSERT INTO `city_info` VALUES (4015, '阿拉尔市', '1', 40);
INSERT INTO `city_info` VALUES (4016, '图木舒克市', '1', 40);
INSERT INTO `city_info` VALUES (4017, '五家渠市', '1', 40);
INSERT INTO `city_info` VALUES (4100, '香港特别行政区', '1', 41);
INSERT INTO `city_info` VALUES (4200, '澳门特别行政区', '1', 42);
INSERT INTO `city_info` VALUES (4300, '台北市', '1', 43);
INSERT INTO `city_info` VALUES (4301, '高雄市', '1', 43);
INSERT INTO `city_info` VALUES (4302, '基隆市', '1', 43);
INSERT INTO `city_info` VALUES (4303, '台中市', '1', 43);
INSERT INTO `city_info` VALUES (4304, '台南市', '1', 43);
INSERT INTO `city_info` VALUES (4305, '新竹市', '1', 43);
INSERT INTO `city_info` VALUES (4306, '嘉义市', '1', 43);
INSERT INTO `city_info` VALUES (4307, '台北县', '1', 43);
INSERT INTO `city_info` VALUES (4308, '宜兰县', '1', 43);
INSERT INTO `city_info` VALUES (4309, '新竹县', '1', 43);
INSERT INTO `city_info` VALUES (4310, '桃园县', '1', 43);
INSERT INTO `city_info` VALUES (4311, '苗栗县', '1', 43);
INSERT INTO `city_info` VALUES (4312, '台中县', '1', 43);
INSERT INTO `city_info` VALUES (4313, '彰化县', '1', 43);
INSERT INTO `city_info` VALUES (4314, '南投县', '1', 43);
INSERT INTO `city_info` VALUES (4315, '嘉义县', '1', 43);
INSERT INTO `city_info` VALUES (4316, '云林县', '1', 43);
INSERT INTO `city_info` VALUES (4317, '台南县', '1', 43);
INSERT INTO `city_info` VALUES (4318, '高雄县', '1', 43);
INSERT INTO `city_info` VALUES (4319, '屏东县', '1', 43);
INSERT INTO `city_info` VALUES (4320, '台东县', '1', 43);
INSERT INTO `city_info` VALUES (4321, '花莲县', '1', 43);
INSERT INTO `city_info` VALUES (4322, '澎湖县', '1', 43);
INSERT INTO `city_info` VALUES (100000, '东城区', '2', 1000);
INSERT INTO `city_info` VALUES (100001, '西城区', '2', 1000);
INSERT INTO `city_info` VALUES (100002, '崇文区', '2', 1000);
INSERT INTO `city_info` VALUES (100003, '宣武区', '2', 1000);
INSERT INTO `city_info` VALUES (100004, '朝阳区', '2', 1000);
INSERT INTO `city_info` VALUES (100005, '丰台区', '2', 1000);
INSERT INTO `city_info` VALUES (100006, '石景山区', '2', 1000);
INSERT INTO `city_info` VALUES (100007, '海淀区', '2', 1000);
INSERT INTO `city_info` VALUES (100008, '门头沟区', '2', 1000);
INSERT INTO `city_info` VALUES (100009, '房山区', '2', 1000);
INSERT INTO `city_info` VALUES (100010, '通州区', '2', 1000);
INSERT INTO `city_info` VALUES (100011, '顺义区', '2', 1000);
INSERT INTO `city_info` VALUES (100012, '昌平区', '2', 1000);
INSERT INTO `city_info` VALUES (100013, '大兴区', '2', 1000);
INSERT INTO `city_info` VALUES (100014, '平谷区', '2', 1000);
INSERT INTO `city_info` VALUES (100015, '怀柔区', '2', 1000);
INSERT INTO `city_info` VALUES (100016, '密云县', '2', 1000);
INSERT INTO `city_info` VALUES (100017, '延庆县', '2', 1000);
INSERT INTO `city_info` VALUES (110000, '和平区', '2', 1100);
INSERT INTO `city_info` VALUES (110001, '河东区', '2', 1100);
INSERT INTO `city_info` VALUES (110002, '河西区', '2', 1100);
INSERT INTO `city_info` VALUES (110003, '南开区', '2', 1100);
INSERT INTO `city_info` VALUES (110004, '河北区', '2', 1100);
INSERT INTO `city_info` VALUES (110005, '红挢区', '2', 1100);
INSERT INTO `city_info` VALUES (110006, '滨海新区', '2', 1100);
INSERT INTO `city_info` VALUES (110007, '东丽区', '2', 1100);
INSERT INTO `city_info` VALUES (110008, '西青区', '2', 1100);
INSERT INTO `city_info` VALUES (110009, '津南区', '2', 1100);
INSERT INTO `city_info` VALUES (110010, '北辰区', '2', 1100);
INSERT INTO `city_info` VALUES (110011, '宁河区', '2', 1100);
INSERT INTO `city_info` VALUES (110012, '武清区', '2', 1100);
INSERT INTO `city_info` VALUES (110013, '静海县', '2', 1100);
INSERT INTO `city_info` VALUES (110014, '宝坻区', '2', 1100);
INSERT INTO `city_info` VALUES (110015, '蓟县', '2', 1100);
INSERT INTO `city_info` VALUES (120000, '长安区', '2', 1200);
INSERT INTO `city_info` VALUES (120001, '桥东区', '2', 1200);
INSERT INTO `city_info` VALUES (120002, '桥西区', '2', 1200);
INSERT INTO `city_info` VALUES (120003, '新华区', '2', 1200);
INSERT INTO `city_info` VALUES (120004, '井陉矿区', '2', 1200);
INSERT INTO `city_info` VALUES (120005, '裕华区', '2', 1200);
INSERT INTO `city_info` VALUES (120006, '井陉县', '2', 1200);
INSERT INTO `city_info` VALUES (120007, '正定县', '2', 1200);
INSERT INTO `city_info` VALUES (120008, '栾城县', '2', 1200);
INSERT INTO `city_info` VALUES (120009, '行唐县', '2', 1200);
INSERT INTO `city_info` VALUES (120010, '灵寿县', '2', 1200);
INSERT INTO `city_info` VALUES (120011, '高邑县', '2', 1200);
INSERT INTO `city_info` VALUES (120012, '深泽县', '2', 1200);
INSERT INTO `city_info` VALUES (120013, '赞皇县', '2', 1200);
INSERT INTO `city_info` VALUES (120014, '无极县', '2', 1200);
INSERT INTO `city_info` VALUES (120015, '平山县', '2', 1200);
INSERT INTO `city_info` VALUES (120016, '元氏县', '2', 1200);
INSERT INTO `city_info` VALUES (120017, '赵县', '2', 1200);
INSERT INTO `city_info` VALUES (120018, '辛集市', '2', 1200);
INSERT INTO `city_info` VALUES (120019, '藁城市', '2', 1200);
INSERT INTO `city_info` VALUES (120020, '晋州市', '2', 1200);
INSERT INTO `city_info` VALUES (120021, '新乐市', '2', 1200);
INSERT INTO `city_info` VALUES (120022, '鹿泉市', '2', 1200);
INSERT INTO `city_info` VALUES (120100, '路南区', '2', 1201);
INSERT INTO `city_info` VALUES (120101, '路北区', '2', 1201);
INSERT INTO `city_info` VALUES (120102, '古冶区', '2', 1201);
INSERT INTO `city_info` VALUES (120103, '开平区', '2', 1201);
INSERT INTO `city_info` VALUES (120104, '丰南区', '2', 1201);
INSERT INTO `city_info` VALUES (120105, '丰润区', '2', 1201);
INSERT INTO `city_info` VALUES (120106, '滦县', '2', 1201);
INSERT INTO `city_info` VALUES (120107, '滦南县', '2', 1201);
INSERT INTO `city_info` VALUES (120108, '乐亭县', '2', 1201);
INSERT INTO `city_info` VALUES (120109, '迁西县', '2', 1201);
INSERT INTO `city_info` VALUES (120110, '玉田县', '2', 1201);
INSERT INTO `city_info` VALUES (120111, '唐海县', '2', 1201);
INSERT INTO `city_info` VALUES (120112, '遵化市', '2', 1201);
INSERT INTO `city_info` VALUES (120113, '迁安市', '2', 1201);
INSERT INTO `city_info` VALUES (120200, '海港区', '2', 1202);
INSERT INTO `city_info` VALUES (120201, '山海关区', '2', 1202);
INSERT INTO `city_info` VALUES (120202, '北戴河区', '2', 1202);
INSERT INTO `city_info` VALUES (120203, '青龙满族自治县', '2', 1202);
INSERT INTO `city_info` VALUES (120204, '昌黎县', '2', 1202);
INSERT INTO `city_info` VALUES (120205, '抚宁县', '2', 1202);
INSERT INTO `city_info` VALUES (120206, '卢龙县', '2', 1202);
INSERT INTO `city_info` VALUES (120300, '邯山区', '2', 1203);
INSERT INTO `city_info` VALUES (120301, '丛台区', '2', 1203);
INSERT INTO `city_info` VALUES (120302, '复兴区', '2', 1203);
INSERT INTO `city_info` VALUES (120303, '峰峰矿区', '2', 1203);
INSERT INTO `city_info` VALUES (120304, '邯郸县', '2', 1203);
INSERT INTO `city_info` VALUES (120305, '临漳县', '2', 1203);
INSERT INTO `city_info` VALUES (120306, '成安县', '2', 1203);
INSERT INTO `city_info` VALUES (120307, '大名县', '2', 1203);
INSERT INTO `city_info` VALUES (120308, '涉县', '2', 1203);
INSERT INTO `city_info` VALUES (120309, '磁县', '2', 1203);
INSERT INTO `city_info` VALUES (120310, '肥乡县', '2', 1203);
INSERT INTO `city_info` VALUES (120311, '永年县', '2', 1203);
INSERT INTO `city_info` VALUES (120312, '邱县', '2', 1203);
INSERT INTO `city_info` VALUES (120313, '鸡泽县', '2', 1203);
INSERT INTO `city_info` VALUES (120314, '广平县', '2', 1203);
INSERT INTO `city_info` VALUES (120315, '馆陶县', '2', 1203);
INSERT INTO `city_info` VALUES (120316, '魏县', '2', 1203);
INSERT INTO `city_info` VALUES (120317, '曲周县', '2', 1203);
INSERT INTO `city_info` VALUES (120318, '武安市', '2', 1203);
INSERT INTO `city_info` VALUES (120400, '桥东区', '2', 1204);
INSERT INTO `city_info` VALUES (120401, '桥西区', '2', 1204);
INSERT INTO `city_info` VALUES (120402, '邢台县', '2', 1204);
INSERT INTO `city_info` VALUES (120403, '临城县', '2', 1204);
INSERT INTO `city_info` VALUES (120404, '内丘县', '2', 1204);
INSERT INTO `city_info` VALUES (120405, '柏乡县', '2', 1204);
INSERT INTO `city_info` VALUES (120406, '隆尧县', '2', 1204);
INSERT INTO `city_info` VALUES (120407, '任县', '2', 1204);
INSERT INTO `city_info` VALUES (120408, '南和县', '2', 1204);
INSERT INTO `city_info` VALUES (120409, '宁晋县', '2', 1204);
INSERT INTO `city_info` VALUES (120410, '巨鹿县', '2', 1204);
INSERT INTO `city_info` VALUES (120411, '新河县', '2', 1204);
INSERT INTO `city_info` VALUES (120412, '广宗县', '2', 1204);
INSERT INTO `city_info` VALUES (120413, '平乡县', '2', 1204);
INSERT INTO `city_info` VALUES (120414, '威县', '2', 1204);
INSERT INTO `city_info` VALUES (120415, '清河县', '2', 1204);
INSERT INTO `city_info` VALUES (120416, '临西县', '2', 1204);
INSERT INTO `city_info` VALUES (120417, '南宫市', '2', 1204);
INSERT INTO `city_info` VALUES (120418, '沙河市', '2', 1204);
INSERT INTO `city_info` VALUES (120500, '新市区', '2', 1205);
INSERT INTO `city_info` VALUES (120501, '北市区', '2', 1205);
INSERT INTO `city_info` VALUES (120502, '南市区', '2', 1205);
INSERT INTO `city_info` VALUES (120503, '满城县', '2', 1205);
INSERT INTO `city_info` VALUES (120504, '清苑县', '2', 1205);
INSERT INTO `city_info` VALUES (120505, '涞水县', '2', 1205);
INSERT INTO `city_info` VALUES (120506, '阜平县', '2', 1205);
INSERT INTO `city_info` VALUES (120507, '徐水县', '2', 1205);
INSERT INTO `city_info` VALUES (120508, '定兴县', '2', 1205);
INSERT INTO `city_info` VALUES (120509, '唐县', '2', 1205);
INSERT INTO `city_info` VALUES (120510, '高阳县', '2', 1205);
INSERT INTO `city_info` VALUES (120511, '容城县', '2', 1205);
INSERT INTO `city_info` VALUES (120512, '涞源县', '2', 1205);
INSERT INTO `city_info` VALUES (120513, '望都县', '2', 1205);
INSERT INTO `city_info` VALUES (120514, '安新县', '2', 1205);
INSERT INTO `city_info` VALUES (120515, '易县', '2', 1205);
INSERT INTO `city_info` VALUES (120516, '曲阳县', '2', 1205);
INSERT INTO `city_info` VALUES (120517, '蠡县', '2', 1205);
INSERT INTO `city_info` VALUES (120518, '顺平县', '2', 1205);
INSERT INTO `city_info` VALUES (120519, '博野县', '2', 1205);
INSERT INTO `city_info` VALUES (120520, '雄县', '2', 1205);
INSERT INTO `city_info` VALUES (120521, '涿州市', '2', 1205);
INSERT INTO `city_info` VALUES (120522, '定州市', '2', 1205);
INSERT INTO `city_info` VALUES (120523, '安国市', '2', 1205);
INSERT INTO `city_info` VALUES (120524, '高碑店市', '2', 1205);
INSERT INTO `city_info` VALUES (120600, '桥东区', '2', 1206);
INSERT INTO `city_info` VALUES (120601, '桥西区', '2', 1206);
INSERT INTO `city_info` VALUES (120602, '宣化区', '2', 1206);
INSERT INTO `city_info` VALUES (120603, '下花园区', '2', 1206);
INSERT INTO `city_info` VALUES (120604, '宣化县', '2', 1206);
INSERT INTO `city_info` VALUES (120605, '张北县', '2', 1206);
INSERT INTO `city_info` VALUES (120606, '康保县', '2', 1206);
INSERT INTO `city_info` VALUES (120607, '沽源县', '2', 1206);
INSERT INTO `city_info` VALUES (120608, '尚义县', '2', 1206);
INSERT INTO `city_info` VALUES (120609, '蔚县', '2', 1206);
INSERT INTO `city_info` VALUES (120610, '阳原县', '2', 1206);
INSERT INTO `city_info` VALUES (120611, '怀安县', '2', 1206);
INSERT INTO `city_info` VALUES (120612, '万全县', '2', 1206);
INSERT INTO `city_info` VALUES (120613, '怀来县', '2', 1206);
INSERT INTO `city_info` VALUES (120614, '涿鹿县', '2', 1206);
INSERT INTO `city_info` VALUES (120615, '赤城县', '2', 1206);
INSERT INTO `city_info` VALUES (120616, '崇礼县', '2', 1206);
INSERT INTO `city_info` VALUES (120700, '双桥区', '2', 1207);
INSERT INTO `city_info` VALUES (120701, '双滦区', '2', 1207);
INSERT INTO `city_info` VALUES (120702, '鹰手营子矿区', '2', 1207);
INSERT INTO `city_info` VALUES (120703, '承德县', '2', 1207);
INSERT INTO `city_info` VALUES (120704, '兴隆县', '2', 1207);
INSERT INTO `city_info` VALUES (120705, '平泉县', '2', 1207);
INSERT INTO `city_info` VALUES (120706, '滦平县', '2', 1207);
INSERT INTO `city_info` VALUES (120707, '隆化县', '2', 1207);
INSERT INTO `city_info` VALUES (120708, '丰宁满族自治县', '2', 1207);
INSERT INTO `city_info` VALUES (120709, '宽城满族自治县', '2', 1207);
INSERT INTO `city_info` VALUES (120710, '围场满族蒙古族自治县', '2', 1207);
INSERT INTO `city_info` VALUES (120800, '新华区', '2', 1208);
INSERT INTO `city_info` VALUES (120801, '运河区', '2', 1208);
INSERT INTO `city_info` VALUES (120802, '沧县', '2', 1208);
INSERT INTO `city_info` VALUES (120803, '青县', '2', 1208);
INSERT INTO `city_info` VALUES (120804, '东光县', '2', 1208);
INSERT INTO `city_info` VALUES (120805, '海兴县', '2', 1208);
INSERT INTO `city_info` VALUES (120806, '盐山县', '2', 1208);
INSERT INTO `city_info` VALUES (120807, '肃宁县', '2', 1208);
INSERT INTO `city_info` VALUES (120808, '南皮县', '2', 1208);
INSERT INTO `city_info` VALUES (120809, '吴桥县', '2', 1208);
INSERT INTO `city_info` VALUES (120810, '献县', '2', 1208);
INSERT INTO `city_info` VALUES (120811, '孟村回族自治县', '2', 1208);
INSERT INTO `city_info` VALUES (120812, '泊头市', '2', 1208);
INSERT INTO `city_info` VALUES (120813, '任丘市', '2', 1208);
INSERT INTO `city_info` VALUES (120814, '黄骅市', '2', 1208);
INSERT INTO `city_info` VALUES (120815, '河间市', '2', 1208);
INSERT INTO `city_info` VALUES (120900, '安次区', '2', 1209);
INSERT INTO `city_info` VALUES (120901, '广阳区', '2', 1209);
INSERT INTO `city_info` VALUES (120902, '固安县', '2', 1209);
INSERT INTO `city_info` VALUES (120903, '永清县', '2', 1209);
INSERT INTO `city_info` VALUES (120904, '香河县', '2', 1209);
INSERT INTO `city_info` VALUES (120905, '大城县', '2', 1209);
INSERT INTO `city_info` VALUES (120906, '文安县', '2', 1209);
INSERT INTO `city_info` VALUES (120907, '大厂回族自治县', '2', 1209);
INSERT INTO `city_info` VALUES (120908, '霸州市', '2', 1209);
INSERT INTO `city_info` VALUES (120909, '三河市', '2', 1209);
INSERT INTO `city_info` VALUES (121000, '桃城区', '2', 1210);
INSERT INTO `city_info` VALUES (121001, '枣强县', '2', 1210);
INSERT INTO `city_info` VALUES (121002, '武邑县', '2', 1210);
INSERT INTO `city_info` VALUES (121003, '武强县', '2', 1210);
INSERT INTO `city_info` VALUES (121004, '饶阳县', '2', 1210);
INSERT INTO `city_info` VALUES (121005, '安平县', '2', 1210);
INSERT INTO `city_info` VALUES (121006, '故城县', '2', 1210);
INSERT INTO `city_info` VALUES (121007, '景县', '2', 1210);
INSERT INTO `city_info` VALUES (121008, '阜城县', '2', 1210);
INSERT INTO `city_info` VALUES (121009, '冀州市', '2', 1210);
INSERT INTO `city_info` VALUES (121010, '深州市', '2', 1210);
INSERT INTO `city_info` VALUES (130000, '小店区', '2', 1300);
INSERT INTO `city_info` VALUES (130001, '迎泽区', '2', 1300);
INSERT INTO `city_info` VALUES (130002, '杏花岭区', '2', 1300);
INSERT INTO `city_info` VALUES (130003, '尖草坪区', '2', 1300);
INSERT INTO `city_info` VALUES (130004, '万柏林区', '2', 1300);
INSERT INTO `city_info` VALUES (130005, '晋源区', '2', 1300);
INSERT INTO `city_info` VALUES (130006, '清徐县', '2', 1300);
INSERT INTO `city_info` VALUES (130007, '阳曲县', '2', 1300);
INSERT INTO `city_info` VALUES (130008, '娄烦县', '2', 1300);
INSERT INTO `city_info` VALUES (130009, '古交市', '2', 1300);
INSERT INTO `city_info` VALUES (130100, '城区', '2', 1301);
INSERT INTO `city_info` VALUES (130101, '矿区', '2', 1301);
INSERT INTO `city_info` VALUES (130102, '南郊区', '2', 1301);
INSERT INTO `city_info` VALUES (130103, '新荣区', '2', 1301);
INSERT INTO `city_info` VALUES (130104, '阳高县', '2', 1301);
INSERT INTO `city_info` VALUES (130105, '天镇县', '2', 1301);
INSERT INTO `city_info` VALUES (130106, '广灵县', '2', 1301);
INSERT INTO `city_info` VALUES (130107, '灵丘县', '2', 1301);
INSERT INTO `city_info` VALUES (130108, '浑源县', '2', 1301);
INSERT INTO `city_info` VALUES (130109, '左云县', '2', 1301);
INSERT INTO `city_info` VALUES (130110, '大同县', '2', 1301);
INSERT INTO `city_info` VALUES (130200, '城区', '2', 1302);
INSERT INTO `city_info` VALUES (130201, '矿区', '2', 1302);
INSERT INTO `city_info` VALUES (130202, '郊区', '2', 1302);
INSERT INTO `city_info` VALUES (130203, '平定县', '2', 1302);
INSERT INTO `city_info` VALUES (130204, '盂县', '2', 1302);
INSERT INTO `city_info` VALUES (130300, '城区', '2', 1303);
INSERT INTO `city_info` VALUES (130301, '郊区', '2', 1303);
INSERT INTO `city_info` VALUES (130302, '长治县', '2', 1303);
INSERT INTO `city_info` VALUES (130303, '襄垣县', '2', 1303);
INSERT INTO `city_info` VALUES (130304, '屯留县', '2', 1303);
INSERT INTO `city_info` VALUES (130305, '平顺县', '2', 1303);
INSERT INTO `city_info` VALUES (130306, '黎城县', '2', 1303);
INSERT INTO `city_info` VALUES (130307, '壶关县', '2', 1303);
INSERT INTO `city_info` VALUES (130308, '长子县', '2', 1303);
INSERT INTO `city_info` VALUES (130309, '武乡县', '2', 1303);
INSERT INTO `city_info` VALUES (130310, '沁县', '2', 1303);
INSERT INTO `city_info` VALUES (130311, '沁源县', '2', 1303);
INSERT INTO `city_info` VALUES (130312, '潞城市', '2', 1303);
INSERT INTO `city_info` VALUES (130400, '城区', '2', 1304);
INSERT INTO `city_info` VALUES (130401, '沁水县', '2', 1304);
INSERT INTO `city_info` VALUES (130402, '阳城县', '2', 1304);
INSERT INTO `city_info` VALUES (130403, '陵川县', '2', 1304);
INSERT INTO `city_info` VALUES (130404, '泽州县', '2', 1304);
INSERT INTO `city_info` VALUES (130405, '高平市', '2', 1304);
INSERT INTO `city_info` VALUES (130500, '朔城区', '2', 1305);
INSERT INTO `city_info` VALUES (130501, '平鲁区', '2', 1305);
INSERT INTO `city_info` VALUES (130502, '山阴县', '2', 1305);
INSERT INTO `city_info` VALUES (130503, '应县', '2', 1305);
INSERT INTO `city_info` VALUES (130504, '右玉县', '2', 1305);
INSERT INTO `city_info` VALUES (130505, '怀仁县', '2', 1305);
INSERT INTO `city_info` VALUES (130600, '榆次区', '2', 1306);
INSERT INTO `city_info` VALUES (130601, '榆社县', '2', 1306);
INSERT INTO `city_info` VALUES (130602, '左权县', '2', 1306);
INSERT INTO `city_info` VALUES (130603, '和顺县', '2', 1306);
INSERT INTO `city_info` VALUES (130604, '昔阳县', '2', 1306);
INSERT INTO `city_info` VALUES (130605, '寿阳县', '2', 1306);
INSERT INTO `city_info` VALUES (130606, '太谷县', '2', 1306);
INSERT INTO `city_info` VALUES (130607, '祁县', '2', 1306);
INSERT INTO `city_info` VALUES (130608, '平遥县', '2', 1306);
INSERT INTO `city_info` VALUES (130609, '灵石县', '2', 1306);
INSERT INTO `city_info` VALUES (130610, '介休市', '2', 1306);
INSERT INTO `city_info` VALUES (130700, '盐湖区', '2', 1307);
INSERT INTO `city_info` VALUES (130701, '临猗县', '2', 1307);
INSERT INTO `city_info` VALUES (130702, '万荣县', '2', 1307);
INSERT INTO `city_info` VALUES (130703, '闻喜县', '2', 1307);
INSERT INTO `city_info` VALUES (130704, '稷山县', '2', 1307);
INSERT INTO `city_info` VALUES (130705, '新绛县', '2', 1307);
INSERT INTO `city_info` VALUES (130706, '绛县', '2', 1307);
INSERT INTO `city_info` VALUES (130707, '垣曲县', '2', 1307);
INSERT INTO `city_info` VALUES (130708, '夏县', '2', 1307);
INSERT INTO `city_info` VALUES (130709, '平陆县', '2', 1307);
INSERT INTO `city_info` VALUES (130710, '芮城县', '2', 1307);
INSERT INTO `city_info` VALUES (130711, '永济市', '2', 1307);
INSERT INTO `city_info` VALUES (130712, '河津市', '2', 1307);
INSERT INTO `city_info` VALUES (130800, '忻府区', '2', 1308);
INSERT INTO `city_info` VALUES (130801, '定襄县', '2', 1308);
INSERT INTO `city_info` VALUES (130802, '五台县', '2', 1308);
INSERT INTO `city_info` VALUES (130803, '代县', '2', 1308);
INSERT INTO `city_info` VALUES (130804, '繁峙县', '2', 1308);
INSERT INTO `city_info` VALUES (130805, '宁武县', '2', 1308);
INSERT INTO `city_info` VALUES (130806, '静乐县', '2', 1308);
INSERT INTO `city_info` VALUES (130807, '神池县', '2', 1308);
INSERT INTO `city_info` VALUES (130808, '五寨县', '2', 1308);
INSERT INTO `city_info` VALUES (130809, '岢岚县', '2', 1308);
INSERT INTO `city_info` VALUES (130810, '河曲县', '2', 1308);
INSERT INTO `city_info` VALUES (130811, '保德县', '2', 1308);
INSERT INTO `city_info` VALUES (130812, '偏关县', '2', 1308);
INSERT INTO `city_info` VALUES (130813, '原平市', '2', 1308);
INSERT INTO `city_info` VALUES (130900, '尧都区', '2', 1309);
INSERT INTO `city_info` VALUES (130901, '曲沃县', '2', 1309);
INSERT INTO `city_info` VALUES (130902, '翼城县', '2', 1309);
INSERT INTO `city_info` VALUES (130903, '襄汾县', '2', 1309);
INSERT INTO `city_info` VALUES (130904, '洪洞县', '2', 1309);
INSERT INTO `city_info` VALUES (130905, '古县', '2', 1309);
INSERT INTO `city_info` VALUES (130906, '安泽县', '2', 1309);
INSERT INTO `city_info` VALUES (130907, '浮山县', '2', 1309);
INSERT INTO `city_info` VALUES (130908, '吉县', '2', 1309);
INSERT INTO `city_info` VALUES (130909, '乡宁县', '2', 1309);
INSERT INTO `city_info` VALUES (130910, '大宁县', '2', 1309);
INSERT INTO `city_info` VALUES (130911, '隰县', '2', 1309);
INSERT INTO `city_info` VALUES (130912, '永和县', '2', 1309);
INSERT INTO `city_info` VALUES (130913, '蒲县', '2', 1309);
INSERT INTO `city_info` VALUES (130914, '汾西县', '2', 1309);
INSERT INTO `city_info` VALUES (130915, '侯马市', '2', 1309);
INSERT INTO `city_info` VALUES (130916, '霍州市', '2', 1309);
INSERT INTO `city_info` VALUES (131000, '离石区', '2', 1310);
INSERT INTO `city_info` VALUES (131001, '文水县', '2', 1310);
INSERT INTO `city_info` VALUES (131002, '交城县', '2', 1310);
INSERT INTO `city_info` VALUES (131003, '兴县', '2', 1310);
INSERT INTO `city_info` VALUES (131004, '临县', '2', 1310);
INSERT INTO `city_info` VALUES (131005, '柳林县', '2', 1310);
INSERT INTO `city_info` VALUES (131006, '石楼县', '2', 1310);
INSERT INTO `city_info` VALUES (131007, '岚县', '2', 1310);
INSERT INTO `city_info` VALUES (131008, '方山县', '2', 1310);
INSERT INTO `city_info` VALUES (131009, '中阳县', '2', 1310);
INSERT INTO `city_info` VALUES (131010, '交口县', '2', 1310);
INSERT INTO `city_info` VALUES (131011, '孝义市', '2', 1310);
INSERT INTO `city_info` VALUES (131012, '汾阳市', '2', 1310);
INSERT INTO `city_info` VALUES (140000, '新城区', '2', 1400);
INSERT INTO `city_info` VALUES (140001, '回民区', '2', 1400);
INSERT INTO `city_info` VALUES (140002, '玉泉区', '2', 1400);
INSERT INTO `city_info` VALUES (140003, '玉泉区', '2', 1400);
INSERT INTO `city_info` VALUES (140004, '赛罕区', '2', 1400);
INSERT INTO `city_info` VALUES (140005, '土默特左旗', '2', 1400);
INSERT INTO `city_info` VALUES (140006, '托克托县', '2', 1400);
INSERT INTO `city_info` VALUES (140007, '和林格尔县', '2', 1400);
INSERT INTO `city_info` VALUES (140008, '清水河县', '2', 1400);
INSERT INTO `city_info` VALUES (140009, '武川县', '2', 1400);
INSERT INTO `city_info` VALUES (140100, '东河区', '2', 1401);
INSERT INTO `city_info` VALUES (140101, '昆都仑区', '2', 1401);
INSERT INTO `city_info` VALUES (140102, '青山区', '2', 1401);
INSERT INTO `city_info` VALUES (140103, '石拐区', '2', 1401);
INSERT INTO `city_info` VALUES (140104, '白云矿区', '2', 1401);
INSERT INTO `city_info` VALUES (140105, '九原区', '2', 1401);
INSERT INTO `city_info` VALUES (140106, '土默特右旗', '2', 1401);
INSERT INTO `city_info` VALUES (140107, '固阳县', '2', 1401);
INSERT INTO `city_info` VALUES (140108, '达尔罕茂明安联合旗', '2', 1401);
INSERT INTO `city_info` VALUES (140200, '海勃湾区', '2', 1402);
INSERT INTO `city_info` VALUES (140201, '海南区', '2', 1402);
INSERT INTO `city_info` VALUES (140202, '乌达区', '2', 1402);
INSERT INTO `city_info` VALUES (140300, '红山区', '2', 1403);
INSERT INTO `city_info` VALUES (140301, '元宝山区', '2', 1403);
INSERT INTO `city_info` VALUES (140302, '松山区', '2', 1403);
INSERT INTO `city_info` VALUES (140303, '阿鲁科尔沁旗', '2', 1403);
INSERT INTO `city_info` VALUES (140304, '巴林左旗', '2', 1403);
INSERT INTO `city_info` VALUES (140305, '巴林右旗', '2', 1403);
INSERT INTO `city_info` VALUES (140306, '林西县', '2', 1403);
INSERT INTO `city_info` VALUES (140307, '克什克腾旗', '2', 1403);
INSERT INTO `city_info` VALUES (140308, '翁牛特旗', '2', 1403);
INSERT INTO `city_info` VALUES (140309, '喀喇沁旗', '2', 1403);
INSERT INTO `city_info` VALUES (140310, '宁城县', '2', 1403);
INSERT INTO `city_info` VALUES (140311, '敖汉旗', '2', 1403);
INSERT INTO `city_info` VALUES (140400, '科尔沁区', '2', 1404);
INSERT INTO `city_info` VALUES (140401, '科尔沁左翼中旗', '2', 1404);
INSERT INTO `city_info` VALUES (140402, '科尔沁左翼后旗', '2', 1404);
INSERT INTO `city_info` VALUES (140403, '开鲁县', '2', 1404);
INSERT INTO `city_info` VALUES (140404, '库伦旗', '2', 1404);
INSERT INTO `city_info` VALUES (140405, '奈曼旗', '2', 1404);
INSERT INTO `city_info` VALUES (140406, '扎鲁特旗', '2', 1404);
INSERT INTO `city_info` VALUES (140407, '霍林郭勒市', '2', 1404);
INSERT INTO `city_info` VALUES (140500, '东胜区', '2', 1405);
INSERT INTO `city_info` VALUES (140501, '达拉特旗', '2', 1405);
INSERT INTO `city_info` VALUES (140502, '准格尔旗', '2', 1405);
INSERT INTO `city_info` VALUES (140503, '鄂托克前旗', '2', 1405);
INSERT INTO `city_info` VALUES (140504, '鄂托克旗', '2', 1405);
INSERT INTO `city_info` VALUES (140505, '杭锦旗', '2', 1405);
INSERT INTO `city_info` VALUES (140506, '乌审旗', '2', 1405);
INSERT INTO `city_info` VALUES (140507, '伊金霍洛旗', '2', 1405);
INSERT INTO `city_info` VALUES (140600, '海拉尔区', '2', 1406);
INSERT INTO `city_info` VALUES (140601, '阿荣旗', '2', 1406);
INSERT INTO `city_info` VALUES (140602, '莫力达瓦达斡尔族自治旗', '2', 1406);
INSERT INTO `city_info` VALUES (140603, '鄂伦春自治旗', '2', 1406);
INSERT INTO `city_info` VALUES (140604, '鄂温克族自治旗', '2', 1406);
INSERT INTO `city_info` VALUES (140605, '陈巴尔虎旗', '2', 1406);
INSERT INTO `city_info` VALUES (140606, '新巴尔虎左旗', '2', 1406);
INSERT INTO `city_info` VALUES (140607, '新巴尔虎右旗', '2', 1406);
INSERT INTO `city_info` VALUES (140608, '满洲里市', '2', 1406);
INSERT INTO `city_info` VALUES (140609, '牙克石市', '2', 1406);
INSERT INTO `city_info` VALUES (140610, '扎兰屯市', '2', 1406);
INSERT INTO `city_info` VALUES (140611, '额尔古纳市', '2', 1406);
INSERT INTO `city_info` VALUES (140612, '根河市', '2', 1406);
INSERT INTO `city_info` VALUES (140700, '临河区', '2', 1407);
INSERT INTO `city_info` VALUES (140701, '五原县', '2', 1407);
INSERT INTO `city_info` VALUES (140702, '磴口县', '2', 1407);
INSERT INTO `city_info` VALUES (140703, '乌拉特前旗', '2', 1407);
INSERT INTO `city_info` VALUES (140704, '乌拉特中旗', '2', 1407);
INSERT INTO `city_info` VALUES (140705, '乌拉特后旗', '2', 1407);
INSERT INTO `city_info` VALUES (140706, '杭锦后旗', '2', 1407);
INSERT INTO `city_info` VALUES (140800, '集宁区', '2', 1408);
INSERT INTO `city_info` VALUES (140801, '卓资县', '2', 1408);
INSERT INTO `city_info` VALUES (140802, '化德县', '2', 1408);
INSERT INTO `city_info` VALUES (140803, '商都县', '2', 1408);
INSERT INTO `city_info` VALUES (140804, '兴和县', '2', 1408);
INSERT INTO `city_info` VALUES (140805, '凉城县', '2', 1408);
INSERT INTO `city_info` VALUES (140806, '察哈尔右翼前旗', '2', 1408);
INSERT INTO `city_info` VALUES (140807, '察哈尔右翼中旗', '2', 1408);
INSERT INTO `city_info` VALUES (140808, '察哈尔右翼后旗', '2', 1408);
INSERT INTO `city_info` VALUES (140809, '四子王旗', '2', 1408);
INSERT INTO `city_info` VALUES (140810, '丰镇市', '2', 1408);
INSERT INTO `city_info` VALUES (140900, '乌兰浩特市', '2', 1409);
INSERT INTO `city_info` VALUES (140901, '阿尔山市', '2', 1409);
INSERT INTO `city_info` VALUES (140902, '科尔沁右翼前旗', '2', 1409);
INSERT INTO `city_info` VALUES (140903, '科尔沁右翼中旗', '2', 1409);
INSERT INTO `city_info` VALUES (140904, '扎赉特旗', '2', 1409);
INSERT INTO `city_info` VALUES (140905, '突泉县', '2', 1409);
INSERT INTO `city_info` VALUES (141000, '二连浩特市', '2', 1410);
INSERT INTO `city_info` VALUES (141001, '锡林浩特市', '2', 1410);
INSERT INTO `city_info` VALUES (141002, '阿巴嘎旗', '2', 1410);
INSERT INTO `city_info` VALUES (141003, '苏尼特左旗', '2', 1410);
INSERT INTO `city_info` VALUES (141004, '苏尼特右旗', '2', 1410);
INSERT INTO `city_info` VALUES (141005, '东乌珠穆沁旗', '2', 1410);
INSERT INTO `city_info` VALUES (141006, '西乌珠穆沁旗', '2', 1410);
INSERT INTO `city_info` VALUES (141007, '太仆寺旗', '2', 1410);
INSERT INTO `city_info` VALUES (141008, '镶黄旗', '2', 1410);
INSERT INTO `city_info` VALUES (141009, '正镶白旗', '2', 1410);
INSERT INTO `city_info` VALUES (141010, '正蓝旗', '2', 1410);
INSERT INTO `city_info` VALUES (141011, '多伦县', '2', 1410);
INSERT INTO `city_info` VALUES (141100, '阿拉善左旗', '2', 1411);
INSERT INTO `city_info` VALUES (141101, '阿拉善右旗', '2', 1411);
INSERT INTO `city_info` VALUES (141102, '额济纳旗', '2', 1411);
INSERT INTO `city_info` VALUES (150000, '和平区', '2', 1500);
INSERT INTO `city_info` VALUES (150001, '沈河区', '2', 1500);
INSERT INTO `city_info` VALUES (150002, '大东区', '2', 1500);
INSERT INTO `city_info` VALUES (150003, '皇姑区', '2', 1500);
INSERT INTO `city_info` VALUES (150004, '铁西区', '2', 1500);
INSERT INTO `city_info` VALUES (150005, '苏家屯区', '2', 1500);
INSERT INTO `city_info` VALUES (150006, '东陵区', '2', 1500);
INSERT INTO `city_info` VALUES (150007, '新城子区', '2', 1500);
INSERT INTO `city_info` VALUES (150008, '于洪区', '2', 1500);
INSERT INTO `city_info` VALUES (150009, '辽中县', '2', 1500);
INSERT INTO `city_info` VALUES (150010, '康平县', '2', 1500);
INSERT INTO `city_info` VALUES (150011, '法库县', '2', 1500);
INSERT INTO `city_info` VALUES (150012, '新民市', '2', 1500);
INSERT INTO `city_info` VALUES (150100, '中山区', '2', 1501);
INSERT INTO `city_info` VALUES (150101, '西岗区', '2', 1501);
INSERT INTO `city_info` VALUES (150102, '沙河口区', '2', 1501);
INSERT INTO `city_info` VALUES (150103, '甘井子区', '2', 1501);
INSERT INTO `city_info` VALUES (150104, '旅顺口区', '2', 1501);
INSERT INTO `city_info` VALUES (150105, '金州区', '2', 1501);
INSERT INTO `city_info` VALUES (150106, '长海县', '2', 1501);
INSERT INTO `city_info` VALUES (150107, '瓦房店市', '2', 1501);
INSERT INTO `city_info` VALUES (150108, '普兰店市', '2', 1501);
INSERT INTO `city_info` VALUES (150109, '庄河市', '2', 1501);
INSERT INTO `city_info` VALUES (150200, '铁东区', '2', 1502);
INSERT INTO `city_info` VALUES (150201, '铁西区', '2', 1502);
INSERT INTO `city_info` VALUES (150202, '立山区', '2', 1502);
INSERT INTO `city_info` VALUES (150203, '千山区', '2', 1502);
INSERT INTO `city_info` VALUES (150204, '台安县', '2', 1502);
INSERT INTO `city_info` VALUES (150205, '210323', '2', 1502);
INSERT INTO `city_info` VALUES (150206, '海城市', '2', 1502);
INSERT INTO `city_info` VALUES (150300, '新抚区', '2', 1503);
INSERT INTO `city_info` VALUES (150301, '东洲区', '2', 1503);
INSERT INTO `city_info` VALUES (150302, '望花区', '2', 1503);
INSERT INTO `city_info` VALUES (150303, '顺城区', '2', 1503);
INSERT INTO `city_info` VALUES (150304, '抚顺县', '2', 1503);
INSERT INTO `city_info` VALUES (150305, '新宾满族自治县', '2', 1503);
INSERT INTO `city_info` VALUES (150306, '清原满族自治县', '2', 1503);
INSERT INTO `city_info` VALUES (150400, '平山区', '2', 1504);
INSERT INTO `city_info` VALUES (150401, '溪湖区', '2', 1504);
INSERT INTO `city_info` VALUES (150402, '明山区', '2', 1504);
INSERT INTO `city_info` VALUES (150403, '南芬区', '2', 1504);
INSERT INTO `city_info` VALUES (150404, '本溪满族自治县', '2', 1504);
INSERT INTO `city_info` VALUES (150405, '桓仁满族自治县', '2', 1504);
INSERT INTO `city_info` VALUES (150500, '元宝区', '2', 1505);
INSERT INTO `city_info` VALUES (150501, '振兴区', '2', 1505);
INSERT INTO `city_info` VALUES (150502, '振安区', '2', 1505);
INSERT INTO `city_info` VALUES (150503, '宽甸满族自治县', '2', 1505);
INSERT INTO `city_info` VALUES (150504, '东港市', '2', 1505);
INSERT INTO `city_info` VALUES (150505, '凤城市', '2', 1505);
INSERT INTO `city_info` VALUES (150600, '古塔区', '2', 1506);
INSERT INTO `city_info` VALUES (150601, '凌河区', '2', 1506);
INSERT INTO `city_info` VALUES (150602, '太和区', '2', 1506);
INSERT INTO `city_info` VALUES (150603, '黑山县', '2', 1506);
INSERT INTO `city_info` VALUES (150604, '义县', '2', 1506);
INSERT INTO `city_info` VALUES (150605, '凌海市', '2', 1506);
INSERT INTO `city_info` VALUES (150606, '北镇市', '2', 1506);
INSERT INTO `city_info` VALUES (150700, '站前区', '2', 1507);
INSERT INTO `city_info` VALUES (150701, '西市区', '2', 1507);
INSERT INTO `city_info` VALUES (150702, '鲅鱼圈区', '2', 1507);
INSERT INTO `city_info` VALUES (150703, '老边区', '2', 1507);
INSERT INTO `city_info` VALUES (150704, '盖州市', '2', 1507);
INSERT INTO `city_info` VALUES (150705, '大石桥市', '2', 1507);
INSERT INTO `city_info` VALUES (150800, '海州区', '2', 1508);
INSERT INTO `city_info` VALUES (150801, '新邱区', '2', 1508);
INSERT INTO `city_info` VALUES (150802, '太平区', '2', 1508);
INSERT INTO `city_info` VALUES (150803, '清河门区', '2', 1508);
INSERT INTO `city_info` VALUES (150804, '细河区', '2', 1508);
INSERT INTO `city_info` VALUES (150805, '阜新蒙古族自治县', '2', 1508);
INSERT INTO `city_info` VALUES (150806, '彰武县', '2', 1508);
INSERT INTO `city_info` VALUES (150900, '白塔区', '2', 1509);
INSERT INTO `city_info` VALUES (150901, '文圣区', '2', 1509);
INSERT INTO `city_info` VALUES (150902, '宏伟区', '2', 1509);
INSERT INTO `city_info` VALUES (150903, '弓长岭区', '2', 1509);
INSERT INTO `city_info` VALUES (150904, '太子河区', '2', 1509);
INSERT INTO `city_info` VALUES (150905, '辽阳县', '2', 1509);
INSERT INTO `city_info` VALUES (150906, '灯塔市', '2', 1509);
INSERT INTO `city_info` VALUES (151000, '双台子区', '2', 1510);
INSERT INTO `city_info` VALUES (151001, '兴隆台区', '2', 1510);
INSERT INTO `city_info` VALUES (151002, '大洼县', '2', 1510);
INSERT INTO `city_info` VALUES (151003, '盘山县', '2', 1510);
INSERT INTO `city_info` VALUES (151100, '银州区', '2', 1511);
INSERT INTO `city_info` VALUES (151101, '清河区', '2', 1511);
INSERT INTO `city_info` VALUES (151102, '铁岭县', '2', 1511);
INSERT INTO `city_info` VALUES (151103, '西丰县', '2', 1511);
INSERT INTO `city_info` VALUES (151104, '昌图县', '2', 1511);
INSERT INTO `city_info` VALUES (151105, '调兵山市', '2', 1511);
INSERT INTO `city_info` VALUES (151106, '开原市', '2', 1511);
INSERT INTO `city_info` VALUES (151200, '双塔区', '2', 1512);
INSERT INTO `city_info` VALUES (151201, '龙城区', '2', 1512);
INSERT INTO `city_info` VALUES (151202, '朝阳县', '2', 1512);
INSERT INTO `city_info` VALUES (151203, '建平县', '2', 1512);
INSERT INTO `city_info` VALUES (151204, '喀喇沁左翼蒙古族自治县', '2', 1512);
INSERT INTO `city_info` VALUES (151205, '北票市', '2', 1512);
INSERT INTO `city_info` VALUES (151206, '凌源市', '2', 1512);
INSERT INTO `city_info` VALUES (151300, '连山区', '2', 1513);
INSERT INTO `city_info` VALUES (151301, '龙港区', '2', 1513);
INSERT INTO `city_info` VALUES (151302, '南票区', '2', 1513);
INSERT INTO `city_info` VALUES (151303, '绥中县', '2', 1513);
INSERT INTO `city_info` VALUES (151304, '建昌县', '2', 1513);
INSERT INTO `city_info` VALUES (151305, '兴城市', '2', 1513);
INSERT INTO `city_info` VALUES (160000, '南关区', '2', 1600);
INSERT INTO `city_info` VALUES (160001, '宽城区', '2', 1600);
INSERT INTO `city_info` VALUES (160002, '朝阳区', '2', 1600);
INSERT INTO `city_info` VALUES (160003, '二道区', '2', 1600);
INSERT INTO `city_info` VALUES (160004, '绿园区', '2', 1600);
INSERT INTO `city_info` VALUES (160005, '双阳区', '2', 1600);
INSERT INTO `city_info` VALUES (160006, '农安县', '2', 1600);
INSERT INTO `city_info` VALUES (160007, '九台市', '2', 1600);
INSERT INTO `city_info` VALUES (160008, '榆树市', '2', 1600);
INSERT INTO `city_info` VALUES (160009, '德惠市', '2', 1600);
INSERT INTO `city_info` VALUES (160100, '昌邑区', '2', 1601);
INSERT INTO `city_info` VALUES (160101, '龙潭区', '2', 1601);
INSERT INTO `city_info` VALUES (160102, '船营区', '2', 1601);
INSERT INTO `city_info` VALUES (160103, '丰满区', '2', 1601);
INSERT INTO `city_info` VALUES (160104, '永吉县', '2', 1601);
INSERT INTO `city_info` VALUES (160105, '蛟河市', '2', 1601);
INSERT INTO `city_info` VALUES (160106, '桦甸市', '2', 1601);
INSERT INTO `city_info` VALUES (160107, '舒兰市', '2', 1601);
INSERT INTO `city_info` VALUES (160108, '磐石市', '2', 1601);
INSERT INTO `city_info` VALUES (160200, '铁西区', '2', 1602);
INSERT INTO `city_info` VALUES (160201, '铁东区', '2', 1602);
INSERT INTO `city_info` VALUES (160202, '梨树县', '2', 1602);
INSERT INTO `city_info` VALUES (160203, '伊通满族自治县', '2', 1602);
INSERT INTO `city_info` VALUES (160204, '公主岭市', '2', 1602);
INSERT INTO `city_info` VALUES (160205, '双辽市', '2', 1602);
INSERT INTO `city_info` VALUES (160300, '龙山区', '2', 1603);
INSERT INTO `city_info` VALUES (160301, '西安区', '2', 1603);
INSERT INTO `city_info` VALUES (160302, '东丰县', '2', 1603);
INSERT INTO `city_info` VALUES (160303, '东辽县', '2', 1603);
INSERT INTO `city_info` VALUES (160400, '东昌区', '2', 1604);
INSERT INTO `city_info` VALUES (160401, '二道江区', '2', 1604);
INSERT INTO `city_info` VALUES (160402, '通化县', '2', 1604);
INSERT INTO `city_info` VALUES (160403, '辉南县', '2', 1604);
INSERT INTO `city_info` VALUES (160404, '柳河县', '2', 1604);
INSERT INTO `city_info` VALUES (160405, '梅河口市', '2', 1604);
INSERT INTO `city_info` VALUES (160406, '集安市', '2', 1604);
INSERT INTO `city_info` VALUES (160500, '八道江区', '2', 1605);
INSERT INTO `city_info` VALUES (160501, '江源区', '2', 1605);
INSERT INTO `city_info` VALUES (160502, '抚松县', '2', 1605);
INSERT INTO `city_info` VALUES (160503, '靖宇县', '2', 1605);
INSERT INTO `city_info` VALUES (160504, '长白朝鲜族自治县', '2', 1605);
INSERT INTO `city_info` VALUES (160505, '临江市', '2', 1605);
INSERT INTO `city_info` VALUES (160600, '宁江区', '2', 1606);
INSERT INTO `city_info` VALUES (160601, '前郭尔罗斯蒙古族自治县', '2', 1606);
INSERT INTO `city_info` VALUES (160602, '长岭县', '2', 1606);
INSERT INTO `city_info` VALUES (160603, '乾安县', '2', 1606);
INSERT INTO `city_info` VALUES (160604, '扶余县', '2', 1606);
INSERT INTO `city_info` VALUES (160700, '洮北区', '2', 1607);
INSERT INTO `city_info` VALUES (160701, '镇赉县', '2', 1607);
INSERT INTO `city_info` VALUES (160702, '通榆县', '2', 1607);
INSERT INTO `city_info` VALUES (160703, '洮南市', '2', 1607);
INSERT INTO `city_info` VALUES (160704, '大安市', '2', 1607);
INSERT INTO `city_info` VALUES (160800, '延吉市', '2', 1608);
INSERT INTO `city_info` VALUES (160801, '图们市', '2', 1608);
INSERT INTO `city_info` VALUES (160802, '敦化市', '2', 1608);
INSERT INTO `city_info` VALUES (160803, '珲春市', '2', 1608);
INSERT INTO `city_info` VALUES (160804, '龙井市', '2', 1608);
INSERT INTO `city_info` VALUES (160805, '和龙市', '2', 1608);
INSERT INTO `city_info` VALUES (160806, '汪清县', '2', 1608);
INSERT INTO `city_info` VALUES (160807, '安图县', '2', 1608);
INSERT INTO `city_info` VALUES (170000, '道里区', '2', 1700);
INSERT INTO `city_info` VALUES (170001, '南岗区', '2', 1700);
INSERT INTO `city_info` VALUES (170002, '道外区', '2', 1700);
INSERT INTO `city_info` VALUES (170003, '平房区', '2', 1700);
INSERT INTO `city_info` VALUES (170004, '松北区', '2', 1700);
INSERT INTO `city_info` VALUES (170005, '香坊区', '2', 1700);
INSERT INTO `city_info` VALUES (170006, '呼兰区', '2', 1700);
INSERT INTO `city_info` VALUES (170007, '阿城区', '2', 1700);
INSERT INTO `city_info` VALUES (170008, '依兰县', '2', 1700);
INSERT INTO `city_info` VALUES (170009, '方正县', '2', 1700);
INSERT INTO `city_info` VALUES (170010, '宾县', '2', 1700);
INSERT INTO `city_info` VALUES (170011, '巴彦县', '2', 1700);
INSERT INTO `city_info` VALUES (170012, '木兰县', '2', 1700);
INSERT INTO `city_info` VALUES (170013, '通河县', '2', 1700);
INSERT INTO `city_info` VALUES (170014, '延寿县', '2', 1700);
INSERT INTO `city_info` VALUES (170015, '双城市', '2', 1700);
INSERT INTO `city_info` VALUES (170016, '尚志市', '2', 1700);
INSERT INTO `city_info` VALUES (170017, '五常市', '2', 1700);
INSERT INTO `city_info` VALUES (170100, '龙沙区', '2', 1701);
INSERT INTO `city_info` VALUES (170101, '建华区', '2', 1701);
INSERT INTO `city_info` VALUES (170102, '铁锋区', '2', 1701);
INSERT INTO `city_info` VALUES (170103, '昂昂溪区', '2', 1701);
INSERT INTO `city_info` VALUES (170104, '富拉尔基区', '2', 1701);
INSERT INTO `city_info` VALUES (170105, '碾子山区', '2', 1701);
INSERT INTO `city_info` VALUES (170106, '梅里斯达斡尔族区', '2', 1701);
INSERT INTO `city_info` VALUES (170107, '龙江县', '2', 1701);
INSERT INTO `city_info` VALUES (170108, '依安县', '2', 1701);
INSERT INTO `city_info` VALUES (170109, '泰来县', '2', 1701);
INSERT INTO `city_info` VALUES (170110, '甘南县', '2', 1701);
INSERT INTO `city_info` VALUES (170111, '富裕县', '2', 1701);
INSERT INTO `city_info` VALUES (170112, '克山县', '2', 1701);
INSERT INTO `city_info` VALUES (170113, '克东县', '2', 1701);
INSERT INTO `city_info` VALUES (170114, '拜泉县', '2', 1701);
INSERT INTO `city_info` VALUES (170115, '讷河市', '2', 1701);
INSERT INTO `city_info` VALUES (170200, '鸡冠区', '2', 1702);
INSERT INTO `city_info` VALUES (170201, '恒山区', '2', 1702);
INSERT INTO `city_info` VALUES (170202, '滴道区', '2', 1702);
INSERT INTO `city_info` VALUES (170203, '梨树区', '2', 1702);
INSERT INTO `city_info` VALUES (170204, '城子河区', '2', 1702);
INSERT INTO `city_info` VALUES (170205, '麻山区', '2', 1702);
INSERT INTO `city_info` VALUES (170206, '鸡东县', '2', 1702);
INSERT INTO `city_info` VALUES (170207, '虎林市', '2', 1702);
INSERT INTO `city_info` VALUES (170208, '密山市', '2', 1702);
INSERT INTO `city_info` VALUES (170300, '向阳区', '2', 1703);
INSERT INTO `city_info` VALUES (170301, '工农区', '2', 1703);
INSERT INTO `city_info` VALUES (170302, '南山区', '2', 1703);
INSERT INTO `city_info` VALUES (170303, '兴安区', '2', 1703);
INSERT INTO `city_info` VALUES (170304, '东山区', '2', 1703);
INSERT INTO `city_info` VALUES (170305, '兴山区', '2', 1703);
INSERT INTO `city_info` VALUES (170306, '萝北县', '2', 1703);
INSERT INTO `city_info` VALUES (170307, '绥滨县', '2', 1703);
INSERT INTO `city_info` VALUES (170400, '尖山区', '2', 1704);
INSERT INTO `city_info` VALUES (170401, '岭东区', '2', 1704);
INSERT INTO `city_info` VALUES (170402, '四方台区', '2', 1704);
INSERT INTO `city_info` VALUES (170403, '宝山区', '2', 1704);
INSERT INTO `city_info` VALUES (170404, '集贤县', '2', 1704);
INSERT INTO `city_info` VALUES (170405, '友谊县', '2', 1704);
INSERT INTO `city_info` VALUES (170406, '宝清县', '2', 1704);
INSERT INTO `city_info` VALUES (170407, '饶河县', '2', 1704);
INSERT INTO `city_info` VALUES (170500, '萨尔图区', '2', 1705);
INSERT INTO `city_info` VALUES (170501, '龙凤区', '2', 1705);
INSERT INTO `city_info` VALUES (170502, '让胡路区', '2', 1705);
INSERT INTO `city_info` VALUES (170503, '红岗区', '2', 1705);
INSERT INTO `city_info` VALUES (170504, '大同区', '2', 1705);
INSERT INTO `city_info` VALUES (170505, '肇州县', '2', 1705);
INSERT INTO `city_info` VALUES (170506, '肇源县', '2', 1705);
INSERT INTO `city_info` VALUES (170507, '林甸县', '2', 1705);
INSERT INTO `city_info` VALUES (170508, '杜尔伯特蒙古族自治县', '2', 1705);
INSERT INTO `city_info` VALUES (170600, '伊春区', '2', 1706);
INSERT INTO `city_info` VALUES (170601, '南岔区', '2', 1706);
INSERT INTO `city_info` VALUES (170602, '友好区', '2', 1706);
INSERT INTO `city_info` VALUES (170603, '西林区', '2', 1706);
INSERT INTO `city_info` VALUES (170604, '翠峦区', '2', 1706);
INSERT INTO `city_info` VALUES (170605, '新青区', '2', 1706);
INSERT INTO `city_info` VALUES (170606, '美溪区', '2', 1706);
INSERT INTO `city_info` VALUES (170607, '金山屯区', '2', 1706);
INSERT INTO `city_info` VALUES (170608, '五营区', '2', 1706);
INSERT INTO `city_info` VALUES (170609, '乌马河区', '2', 1706);
INSERT INTO `city_info` VALUES (170610, '汤旺河区', '2', 1706);
INSERT INTO `city_info` VALUES (170611, '带岭区', '2', 1706);
INSERT INTO `city_info` VALUES (170612, '乌伊岭区', '2', 1706);
INSERT INTO `city_info` VALUES (170613, '红星区', '2', 1706);
INSERT INTO `city_info` VALUES (170614, '上甘岭区', '2', 1706);
INSERT INTO `city_info` VALUES (170615, '嘉荫县', '2', 1706);
INSERT INTO `city_info` VALUES (170616, '铁力市', '2', 1706);
INSERT INTO `city_info` VALUES (170700, '向阳区', '2', 1707);
INSERT INTO `city_info` VALUES (170701, '前进区', '2', 1707);
INSERT INTO `city_info` VALUES (170702, '东风区', '2', 1707);
INSERT INTO `city_info` VALUES (170703, '郊区', '2', 1707);
INSERT INTO `city_info` VALUES (170704, '桦南县', '2', 1707);
INSERT INTO `city_info` VALUES (170705, '桦川县', '2', 1707);
INSERT INTO `city_info` VALUES (170706, '汤原县', '2', 1707);
INSERT INTO `city_info` VALUES (170707, '抚远县', '2', 1707);
INSERT INTO `city_info` VALUES (170708, '同江市', '2', 1707);
INSERT INTO `city_info` VALUES (170709, '富锦市', '2', 1707);
INSERT INTO `city_info` VALUES (170800, '新兴区', '2', 1708);
INSERT INTO `city_info` VALUES (170801, '桃山区', '2', 1708);
INSERT INTO `city_info` VALUES (170802, '茄子河区', '2', 1708);
INSERT INTO `city_info` VALUES (170803, '勃利县', '2', 1708);
INSERT INTO `city_info` VALUES (170900, '东安区', '2', 1709);
INSERT INTO `city_info` VALUES (170901, '阳明区', '2', 1709);
INSERT INTO `city_info` VALUES (170902, '爱民区', '2', 1709);
INSERT INTO `city_info` VALUES (170903, '西安区', '2', 1709);
INSERT INTO `city_info` VALUES (170904, '东宁县', '2', 1709);
INSERT INTO `city_info` VALUES (170905, '林口县', '2', 1709);
INSERT INTO `city_info` VALUES (170906, '绥芬河市', '2', 1709);
INSERT INTO `city_info` VALUES (170907, '海林市', '2', 1709);
INSERT INTO `city_info` VALUES (170908, '宁安市', '2', 1709);
INSERT INTO `city_info` VALUES (170909, '穆棱市', '2', 1709);
INSERT INTO `city_info` VALUES (171000, '爱辉区', '2', 1710);
INSERT INTO `city_info` VALUES (171001, '嫩江县', '2', 1710);
INSERT INTO `city_info` VALUES (171002, '逊克县', '2', 1710);
INSERT INTO `city_info` VALUES (171003, '孙吴县', '2', 1710);
INSERT INTO `city_info` VALUES (171004, '北安市', '2', 1710);
INSERT INTO `city_info` VALUES (171005, '五大连池市', '2', 1710);
INSERT INTO `city_info` VALUES (171100, '北林区', '2', 1711);
INSERT INTO `city_info` VALUES (171101, '望奎县', '2', 1711);
INSERT INTO `city_info` VALUES (171102, '兰西县', '2', 1711);
INSERT INTO `city_info` VALUES (171103, '青冈县', '2', 1711);
INSERT INTO `city_info` VALUES (171104, '庆安县', '2', 1711);
INSERT INTO `city_info` VALUES (171105, '明水县', '2', 1711);
INSERT INTO `city_info` VALUES (171106, '绥棱县', '2', 1711);
INSERT INTO `city_info` VALUES (171107, '安达市', '2', 1711);
INSERT INTO `city_info` VALUES (171108, '肇东市', '2', 1711);
INSERT INTO `city_info` VALUES (171109, '海伦市', '2', 1711);
INSERT INTO `city_info` VALUES (171200, '加格达奇区', '2', 1712);
INSERT INTO `city_info` VALUES (171201, '松岭区', '2', 1712);
INSERT INTO `city_info` VALUES (171202, '新林区', '2', 1712);
INSERT INTO `city_info` VALUES (171203, '呼中区', '2', 1712);
INSERT INTO `city_info` VALUES (171204, '呼玛县', '2', 1712);
INSERT INTO `city_info` VALUES (171205, '塔河县', '2', 1712);
INSERT INTO `city_info` VALUES (171206, '漠河县', '2', 1712);
INSERT INTO `city_info` VALUES (180000, '黄浦区', '2', 1800);
INSERT INTO `city_info` VALUES (180001, '卢湾区', '2', 1800);
INSERT INTO `city_info` VALUES (180002, '徐汇区', '2', 1800);
INSERT INTO `city_info` VALUES (180003, '长宁区', '2', 1800);
INSERT INTO `city_info` VALUES (180004, '静安区', '2', 1800);
INSERT INTO `city_info` VALUES (180005, '普陀区', '2', 1800);
INSERT INTO `city_info` VALUES (180006, '闸北区', '2', 1800);
INSERT INTO `city_info` VALUES (180007, '虹口区', '2', 1800);
INSERT INTO `city_info` VALUES (180008, '杨浦区', '2', 1800);
INSERT INTO `city_info` VALUES (180009, '闵行区', '2', 1800);
INSERT INTO `city_info` VALUES (180010, '宝山区', '2', 1800);
INSERT INTO `city_info` VALUES (180011, '嘉定区', '2', 1800);
INSERT INTO `city_info` VALUES (180012, '浦东新区', '2', 1800);
INSERT INTO `city_info` VALUES (180013, '金山区', '2', 1800);
INSERT INTO `city_info` VALUES (180014, '松江区', '2', 1800);
INSERT INTO `city_info` VALUES (180015, '奉贤区', '2', 1800);
INSERT INTO `city_info` VALUES (180016, '青浦区', '2', 1800);
INSERT INTO `city_info` VALUES (180017, '崇明区', '2', 1800);
INSERT INTO `city_info` VALUES (190000, '玄武区', '2', 1900);
INSERT INTO `city_info` VALUES (190001, '白下区', '2', 1900);
INSERT INTO `city_info` VALUES (190002, '秦淮区', '2', 1900);
INSERT INTO `city_info` VALUES (190003, '建邺区', '2', 1900);
INSERT INTO `city_info` VALUES (190004, '鼓楼区', '2', 1900);
INSERT INTO `city_info` VALUES (190005, '下关区', '2', 1900);
INSERT INTO `city_info` VALUES (190006, '浦口区', '2', 1900);
INSERT INTO `city_info` VALUES (190007, '栖霞区', '2', 1900);
INSERT INTO `city_info` VALUES (190008, '雨花台区', '2', 1900);
INSERT INTO `city_info` VALUES (190009, '江宁区', '2', 1900);
INSERT INTO `city_info` VALUES (190010, '六合区', '2', 1900);
INSERT INTO `city_info` VALUES (190011, '溧水县', '2', 1900);
INSERT INTO `city_info` VALUES (190012, '高淳县', '2', 1900);
INSERT INTO `city_info` VALUES (190100, '崇安区', '2', 1901);
INSERT INTO `city_info` VALUES (190101, '南长区', '2', 1901);
INSERT INTO `city_info` VALUES (190102, '北塘区', '2', 1901);
INSERT INTO `city_info` VALUES (190103, '锡山区', '2', 1901);
INSERT INTO `city_info` VALUES (190104, '惠山区', '2', 1901);
INSERT INTO `city_info` VALUES (190105, '滨湖区', '2', 1901);
INSERT INTO `city_info` VALUES (190106, '江阴市', '2', 1901);
INSERT INTO `city_info` VALUES (190107, '宜兴市', '2', 1901);
INSERT INTO `city_info` VALUES (190200, '鼓楼区', '2', 1902);
INSERT INTO `city_info` VALUES (190201, '云龙区', '2', 1902);
INSERT INTO `city_info` VALUES (190202, '九里区', '2', 1902);
INSERT INTO `city_info` VALUES (190203, '贾汪区', '2', 1902);
INSERT INTO `city_info` VALUES (190204, '泉山区', '2', 1902);
INSERT INTO `city_info` VALUES (190205, '丰县', '2', 1902);
INSERT INTO `city_info` VALUES (190206, '沛县', '2', 1902);
INSERT INTO `city_info` VALUES (190207, '铜山县', '2', 1902);
INSERT INTO `city_info` VALUES (190208, '睢宁县', '2', 1902);
INSERT INTO `city_info` VALUES (190209, '新沂市', '2', 1902);
INSERT INTO `city_info` VALUES (190210, '邳州市', '2', 1902);
INSERT INTO `city_info` VALUES (190300, '天宁区', '2', 1903);
INSERT INTO `city_info` VALUES (190301, '钟楼区', '2', 1903);
INSERT INTO `city_info` VALUES (190302, '戚墅堰区', '2', 1903);
INSERT INTO `city_info` VALUES (190303, '新北区', '2', 1903);
INSERT INTO `city_info` VALUES (190304, '武进区', '2', 1903);
INSERT INTO `city_info` VALUES (190305, '溧阳市', '2', 1903);
INSERT INTO `city_info` VALUES (190306, '金坛市', '2', 1903);
INSERT INTO `city_info` VALUES (190400, '沧浪区', '2', 1904);
INSERT INTO `city_info` VALUES (190401, '平江区', '2', 1904);
INSERT INTO `city_info` VALUES (190402, '金阊区', '2', 1904);
INSERT INTO `city_info` VALUES (190403, '虎丘区', '2', 1904);
INSERT INTO `city_info` VALUES (190404, '吴中区', '2', 1904);
INSERT INTO `city_info` VALUES (190405, '相城区', '2', 1904);
INSERT INTO `city_info` VALUES (190406, '常熟市', '2', 1904);
INSERT INTO `city_info` VALUES (190407, '张家港市', '2', 1904);
INSERT INTO `city_info` VALUES (190408, '昆山市', '2', 1904);
INSERT INTO `city_info` VALUES (190409, '吴江市', '2', 1904);
INSERT INTO `city_info` VALUES (190410, '太仓市', '2', 1904);
INSERT INTO `city_info` VALUES (190500, '崇川区', '2', 1905);
INSERT INTO `city_info` VALUES (190501, '港闸区', '2', 1905);
INSERT INTO `city_info` VALUES (190502, '海安县', '2', 1905);
INSERT INTO `city_info` VALUES (190503, '如东县', '2', 1905);
INSERT INTO `city_info` VALUES (190504, '启东市', '2', 1905);
INSERT INTO `city_info` VALUES (190505, '如皋市', '2', 1905);
INSERT INTO `city_info` VALUES (190506, '通州市', '2', 1905);
INSERT INTO `city_info` VALUES (190507, '海门市', '2', 1905);
INSERT INTO `city_info` VALUES (190600, '连云区', '2', 1906);
INSERT INTO `city_info` VALUES (190601, '新浦区', '2', 1906);
INSERT INTO `city_info` VALUES (190602, '海州区', '2', 1906);
INSERT INTO `city_info` VALUES (190603, '赣榆县', '2', 1906);
INSERT INTO `city_info` VALUES (190604, '东海县', '2', 1906);
INSERT INTO `city_info` VALUES (190605, '灌云县', '2', 1906);
INSERT INTO `city_info` VALUES (190606, '灌南县', '2', 1906);
INSERT INTO `city_info` VALUES (190700, '清河区', '2', 1907);
INSERT INTO `city_info` VALUES (190701, '楚州区', '2', 1907);
INSERT INTO `city_info` VALUES (190702, '淮阴区', '2', 1907);
INSERT INTO `city_info` VALUES (190703, '清浦区', '2', 1907);
INSERT INTO `city_info` VALUES (190704, '涟水县', '2', 1907);
INSERT INTO `city_info` VALUES (190705, '洪泽县', '2', 1907);
INSERT INTO `city_info` VALUES (190706, '盱眙县', '2', 1907);
INSERT INTO `city_info` VALUES (190707, '金湖县', '2', 1907);
INSERT INTO `city_info` VALUES (190800, '亭湖区', '2', 1908);
INSERT INTO `city_info` VALUES (190801, '盐都区', '2', 1908);
INSERT INTO `city_info` VALUES (190802, '响水县', '2', 1908);
INSERT INTO `city_info` VALUES (190803, '滨海县', '2', 1908);
INSERT INTO `city_info` VALUES (190804, '阜宁县', '2', 1908);
INSERT INTO `city_info` VALUES (190805, '射阳县', '2', 1908);
INSERT INTO `city_info` VALUES (190806, '建湖县', '2', 1908);
INSERT INTO `city_info` VALUES (190807, '东台市', '2', 1908);
INSERT INTO `city_info` VALUES (190808, '大丰市', '2', 1908);
INSERT INTO `city_info` VALUES (190900, '广陵区', '2', 1909);
INSERT INTO `city_info` VALUES (190901, '邗江区', '2', 1909);
INSERT INTO `city_info` VALUES (190902, '维扬区', '2', 1909);
INSERT INTO `city_info` VALUES (190903, '宝应县', '2', 1909);
INSERT INTO `city_info` VALUES (190904, '仪征市', '2', 1909);
INSERT INTO `city_info` VALUES (190905, '高邮市', '2', 1909);
INSERT INTO `city_info` VALUES (190906, '江都市', '2', 1909);
INSERT INTO `city_info` VALUES (191000, '京口区', '2', 1910);
INSERT INTO `city_info` VALUES (191001, '润州区', '2', 1910);
INSERT INTO `city_info` VALUES (191002, '丹徒区', '2', 1910);
INSERT INTO `city_info` VALUES (191003, '丹阳市', '2', 1910);
INSERT INTO `city_info` VALUES (191004, '扬中市', '2', 1910);
INSERT INTO `city_info` VALUES (191005, '句容市', '2', 1910);
INSERT INTO `city_info` VALUES (191100, '海陵区', '2', 1911);
INSERT INTO `city_info` VALUES (191101, '高港区', '2', 1911);
INSERT INTO `city_info` VALUES (191102, '兴化市', '2', 1911);
INSERT INTO `city_info` VALUES (191103, '靖江市', '2', 1911);
INSERT INTO `city_info` VALUES (191104, '泰兴市', '2', 1911);
INSERT INTO `city_info` VALUES (191105, '姜堰市', '2', 1911);
INSERT INTO `city_info` VALUES (191200, '宿城区', '2', 1912);
INSERT INTO `city_info` VALUES (191201, '宿豫区', '2', 1912);
INSERT INTO `city_info` VALUES (191202, '沭阳县', '2', 1912);
INSERT INTO `city_info` VALUES (191203, '泗阳县', '2', 1912);
INSERT INTO `city_info` VALUES (191204, '泗洪县', '2', 1912);
INSERT INTO `city_info` VALUES (200000, '上城区', '2', 2000);
INSERT INTO `city_info` VALUES (200001, '下城区', '2', 2000);
INSERT INTO `city_info` VALUES (200002, '江干区', '2', 2000);
INSERT INTO `city_info` VALUES (200003, '拱墅区', '2', 2000);
INSERT INTO `city_info` VALUES (200004, '西湖区', '2', 2000);
INSERT INTO `city_info` VALUES (200005, '滨江区', '2', 2000);
INSERT INTO `city_info` VALUES (200006, '萧山区', '2', 2000);
INSERT INTO `city_info` VALUES (200007, '余杭区', '2', 2000);
INSERT INTO `city_info` VALUES (200008, '桐庐县', '2', 2000);
INSERT INTO `city_info` VALUES (200009, '淳安县', '2', 2000);
INSERT INTO `city_info` VALUES (200010, '建德市', '2', 2000);
INSERT INTO `city_info` VALUES (200011, '富阳市', '2', 2000);
INSERT INTO `city_info` VALUES (200012, '临安市', '2', 2000);
INSERT INTO `city_info` VALUES (200100, '海曙区', '2', 2001);
INSERT INTO `city_info` VALUES (200101, '江东区', '2', 2001);
INSERT INTO `city_info` VALUES (200102, '江北区', '2', 2001);
INSERT INTO `city_info` VALUES (200103, '北仑区', '2', 2001);
INSERT INTO `city_info` VALUES (200104, '镇海区', '2', 2001);
INSERT INTO `city_info` VALUES (200105, '鄞州区', '2', 2001);
INSERT INTO `city_info` VALUES (200106, '象山县', '2', 2001);
INSERT INTO `city_info` VALUES (200107, '宁海县', '2', 2001);
INSERT INTO `city_info` VALUES (200108, '余姚市', '2', 2001);
INSERT INTO `city_info` VALUES (200109, '慈溪市', '2', 2001);
INSERT INTO `city_info` VALUES (200110, '奉化市', '2', 2001);
INSERT INTO `city_info` VALUES (200200, '鹿城区', '2', 2002);
INSERT INTO `city_info` VALUES (200201, '龙湾区', '2', 2002);
INSERT INTO `city_info` VALUES (200202, '瓯海区', '2', 2002);
INSERT INTO `city_info` VALUES (200203, '洞头县', '2', 2002);
INSERT INTO `city_info` VALUES (200204, '永嘉县', '2', 2002);
INSERT INTO `city_info` VALUES (200205, '平阳县', '2', 2002);
INSERT INTO `city_info` VALUES (200206, '苍南县', '2', 2002);
INSERT INTO `city_info` VALUES (200207, '文成县', '2', 2002);
INSERT INTO `city_info` VALUES (200208, '泰顺县', '2', 2002);
INSERT INTO `city_info` VALUES (200209, '瑞安市', '2', 2002);
INSERT INTO `city_info` VALUES (200210, '乐清市', '2', 2002);
INSERT INTO `city_info` VALUES (200300, '南湖区', '2', 2003);
INSERT INTO `city_info` VALUES (200301, '秀洲区', '2', 2003);
INSERT INTO `city_info` VALUES (200302, '嘉善县', '2', 2003);
INSERT INTO `city_info` VALUES (200303, '海盐县', '2', 2003);
INSERT INTO `city_info` VALUES (200304, '海宁市', '2', 2003);
INSERT INTO `city_info` VALUES (200305, '平湖市', '2', 2003);
INSERT INTO `city_info` VALUES (200306, '桐乡市', '2', 2003);
INSERT INTO `city_info` VALUES (200400, '吴兴区', '2', 2004);
INSERT INTO `city_info` VALUES (200401, '南浔区', '2', 2004);
INSERT INTO `city_info` VALUES (200402, '德清县', '2', 2004);
INSERT INTO `city_info` VALUES (200403, '长兴县', '2', 2004);
INSERT INTO `city_info` VALUES (200404, '安吉县', '2', 2004);
INSERT INTO `city_info` VALUES (200500, '越城区', '2', 2005);
INSERT INTO `city_info` VALUES (200501, '绍兴县', '2', 2005);
INSERT INTO `city_info` VALUES (200502, '新昌县', '2', 2005);
INSERT INTO `city_info` VALUES (200503, '诸暨市', '2', 2005);
INSERT INTO `city_info` VALUES (200504, '上虞市', '2', 2005);
INSERT INTO `city_info` VALUES (200505, '嵊州市', '2', 2005);
INSERT INTO `city_info` VALUES (200600, '婺城区', '2', 2006);
INSERT INTO `city_info` VALUES (200601, '金东区', '2', 2006);
INSERT INTO `city_info` VALUES (200602, '武义县', '2', 2006);
INSERT INTO `city_info` VALUES (200603, '浦江县', '2', 2006);
INSERT INTO `city_info` VALUES (200604, '磐安县', '2', 2006);
INSERT INTO `city_info` VALUES (200605, '兰溪市', '2', 2006);
INSERT INTO `city_info` VALUES (200606, '义乌市', '2', 2006);
INSERT INTO `city_info` VALUES (200607, '东阳市', '2', 2006);
INSERT INTO `city_info` VALUES (200608, '永康市', '2', 2006);
INSERT INTO `city_info` VALUES (200700, '柯城区', '2', 2007);
INSERT INTO `city_info` VALUES (200701, '衢江区', '2', 2007);
INSERT INTO `city_info` VALUES (200702, '常山县', '2', 2007);
INSERT INTO `city_info` VALUES (200703, '开化县', '2', 2007);
INSERT INTO `city_info` VALUES (200704, '龙游县', '2', 2007);
INSERT INTO `city_info` VALUES (200705, '江山市', '2', 2007);
INSERT INTO `city_info` VALUES (200800, '定海区', '2', 2008);
INSERT INTO `city_info` VALUES (200801, '普陀区', '2', 2008);
INSERT INTO `city_info` VALUES (200802, '岱山县', '2', 2008);
INSERT INTO `city_info` VALUES (200803, '嵊泗县', '2', 2008);
INSERT INTO `city_info` VALUES (200900, '椒江区', '2', 2009);
INSERT INTO `city_info` VALUES (200901, '黄岩区', '2', 2009);
INSERT INTO `city_info` VALUES (200902, '路桥区', '2', 2009);
INSERT INTO `city_info` VALUES (200903, '玉环县', '2', 2009);
INSERT INTO `city_info` VALUES (200904, '三门县', '2', 2009);
INSERT INTO `city_info` VALUES (200905, '天台县', '2', 2009);
INSERT INTO `city_info` VALUES (200906, '仙居县', '2', 2009);
INSERT INTO `city_info` VALUES (200907, '温岭市', '2', 2009);
INSERT INTO `city_info` VALUES (200908, '临海市', '2', 2009);
INSERT INTO `city_info` VALUES (201000, '莲都区', '2', 2010);
INSERT INTO `city_info` VALUES (201001, '青田县', '2', 2010);
INSERT INTO `city_info` VALUES (201002, '缙云县', '2', 2010);
INSERT INTO `city_info` VALUES (201003, '遂昌县', '2', 2010);
INSERT INTO `city_info` VALUES (201004, '松阳县', '2', 2010);
INSERT INTO `city_info` VALUES (201005, '云和县', '2', 2010);
INSERT INTO `city_info` VALUES (201006, '庆元县', '2', 2010);
INSERT INTO `city_info` VALUES (201007, '景宁畲族自治县', '2', 2010);
INSERT INTO `city_info` VALUES (201008, '龙泉市', '2', 2010);
INSERT INTO `city_info` VALUES (210000, '瑶海区', '2', 2100);
INSERT INTO `city_info` VALUES (210001, '庐阳区', '2', 2100);
INSERT INTO `city_info` VALUES (210002, '蜀山区', '2', 2100);
INSERT INTO `city_info` VALUES (210003, '包河区', '2', 2100);
INSERT INTO `city_info` VALUES (210004, '长丰县', '2', 2100);
INSERT INTO `city_info` VALUES (210005, '肥东县', '2', 2100);
INSERT INTO `city_info` VALUES (210006, '肥西县', '2', 2100);
INSERT INTO `city_info` VALUES (210100, '镜湖区', '2', 2101);
INSERT INTO `city_info` VALUES (210101, '弋江区', '2', 2101);
INSERT INTO `city_info` VALUES (210102, '鸠江区', '2', 2101);
INSERT INTO `city_info` VALUES (210103, '三山区', '2', 2101);
INSERT INTO `city_info` VALUES (210104, '芜湖县', '2', 2101);
INSERT INTO `city_info` VALUES (210105, '繁昌县', '2', 2101);
INSERT INTO `city_info` VALUES (210106, '南陵县', '2', 2101);
INSERT INTO `city_info` VALUES (210200, '龙子湖区', '2', 2102);
INSERT INTO `city_info` VALUES (210201, '蚌山区', '2', 2102);
INSERT INTO `city_info` VALUES (210202, '禹会区', '2', 2102);
INSERT INTO `city_info` VALUES (210203, '淮上区', '2', 2102);
INSERT INTO `city_info` VALUES (210204, '怀远县', '2', 2102);
INSERT INTO `city_info` VALUES (210205, '五河县', '2', 2102);
INSERT INTO `city_info` VALUES (210206, '固镇县', '2', 2102);
INSERT INTO `city_info` VALUES (210300, '大通区', '2', 2103);
INSERT INTO `city_info` VALUES (210301, '田家庵区', '2', 2103);
INSERT INTO `city_info` VALUES (210302, '谢家集区', '2', 2103);
INSERT INTO `city_info` VALUES (210303, '八公山区', '2', 2103);
INSERT INTO `city_info` VALUES (210304, '潘集区', '2', 2103);
INSERT INTO `city_info` VALUES (210305, '凤台县', '2', 2103);
INSERT INTO `city_info` VALUES (210400, '金家庄区', '2', 2104);
INSERT INTO `city_info` VALUES (210401, '花山区', '2', 2104);
INSERT INTO `city_info` VALUES (210402, '雨山区', '2', 2104);
INSERT INTO `city_info` VALUES (210403, '当涂县', '2', 2104);
INSERT INTO `city_info` VALUES (210500, '杜集区', '2', 2105);
INSERT INTO `city_info` VALUES (210501, '相山区', '2', 2105);
INSERT INTO `city_info` VALUES (210502, '烈山区', '2', 2105);
INSERT INTO `city_info` VALUES (210503, '濉溪县', '2', 2105);
INSERT INTO `city_info` VALUES (210600, '铜官山区', '2', 2106);
INSERT INTO `city_info` VALUES (210601, '狮子山区', '2', 2106);
INSERT INTO `city_info` VALUES (210602, '郊区', '2', 2106);
INSERT INTO `city_info` VALUES (210603, '铜陵县', '2', 2106);
INSERT INTO `city_info` VALUES (210700, '迎江区', '2', 2107);
INSERT INTO `city_info` VALUES (210701, '大观区', '2', 2107);
INSERT INTO `city_info` VALUES (210702, '宜秀区', '2', 2107);
INSERT INTO `city_info` VALUES (210703, '怀宁县', '2', 2107);
INSERT INTO `city_info` VALUES (210704, '枞阳县', '2', 2107);
INSERT INTO `city_info` VALUES (210705, '潜山县', '2', 2107);
INSERT INTO `city_info` VALUES (210706, '太湖县', '2', 2107);
INSERT INTO `city_info` VALUES (210707, '宿松县', '2', 2107);
INSERT INTO `city_info` VALUES (210708, '望江县', '2', 2107);
INSERT INTO `city_info` VALUES (210709, '岳西县', '2', 2107);
INSERT INTO `city_info` VALUES (210710, '桐城市', '2', 2107);
INSERT INTO `city_info` VALUES (210800, '屯溪区', '2', 2108);
INSERT INTO `city_info` VALUES (210801, '黄山区', '2', 2108);
INSERT INTO `city_info` VALUES (210802, '徽州区', '2', 2108);
INSERT INTO `city_info` VALUES (210803, '歙县', '2', 2108);
INSERT INTO `city_info` VALUES (210804, '休宁县', '2', 2108);
INSERT INTO `city_info` VALUES (210805, '黟县', '2', 2108);
INSERT INTO `city_info` VALUES (210806, '祁门县', '2', 2108);
INSERT INTO `city_info` VALUES (210900, '琅琊区', '2', 2109);
INSERT INTO `city_info` VALUES (210901, '南谯区', '2', 2109);
INSERT INTO `city_info` VALUES (210902, '来安县', '2', 2109);
INSERT INTO `city_info` VALUES (210903, '全椒县', '2', 2109);
INSERT INTO `city_info` VALUES (210904, '定远县', '2', 2109);
INSERT INTO `city_info` VALUES (210905, '凤阳县', '2', 2109);
INSERT INTO `city_info` VALUES (210906, '天长市', '2', 2109);
INSERT INTO `city_info` VALUES (210907, '明光市', '2', 2109);
INSERT INTO `city_info` VALUES (211000, '颍州区', '2', 2110);
INSERT INTO `city_info` VALUES (211001, '颍东区', '2', 2110);
INSERT INTO `city_info` VALUES (211002, '颍泉区', '2', 2110);
INSERT INTO `city_info` VALUES (211003, '临泉县', '2', 2110);
INSERT INTO `city_info` VALUES (211004, '太和县', '2', 2110);
INSERT INTO `city_info` VALUES (211005, '阜南县', '2', 2110);
INSERT INTO `city_info` VALUES (211006, '颍上县', '2', 2110);
INSERT INTO `city_info` VALUES (211007, '界首市', '2', 2110);
INSERT INTO `city_info` VALUES (211100, '埇桥区', '2', 2111);
INSERT INTO `city_info` VALUES (211101, '砀山县', '2', 2111);
INSERT INTO `city_info` VALUES (211102, '萧县', '2', 2111);
INSERT INTO `city_info` VALUES (211103, '灵璧县', '2', 2111);
INSERT INTO `city_info` VALUES (211104, '泗县', '2', 2111);
INSERT INTO `city_info` VALUES (211200, '居巢区', '2', 2112);
INSERT INTO `city_info` VALUES (211201, '庐江县', '2', 2112);
INSERT INTO `city_info` VALUES (211202, '无为县', '2', 2112);
INSERT INTO `city_info` VALUES (211203, '含山县', '2', 2112);
INSERT INTO `city_info` VALUES (211204, '和县', '2', 2112);
INSERT INTO `city_info` VALUES (211300, '金安区', '2', 2113);
INSERT INTO `city_info` VALUES (211301, '裕安区', '2', 2113);
INSERT INTO `city_info` VALUES (211302, '寿县', '2', 2113);
INSERT INTO `city_info` VALUES (211303, '霍邱县', '2', 2113);
INSERT INTO `city_info` VALUES (211304, '舒城县', '2', 2113);
INSERT INTO `city_info` VALUES (211305, '金寨县', '2', 2113);
INSERT INTO `city_info` VALUES (211306, '霍山县', '2', 2113);
INSERT INTO `city_info` VALUES (211400, '谯城区', '2', 2114);
INSERT INTO `city_info` VALUES (211401, '涡阳县', '2', 2114);
INSERT INTO `city_info` VALUES (211402, '蒙城县', '2', 2114);
INSERT INTO `city_info` VALUES (211403, '利辛县', '2', 2114);
INSERT INTO `city_info` VALUES (211500, '贵池区', '2', 2115);
INSERT INTO `city_info` VALUES (211501, '东至县', '2', 2115);
INSERT INTO `city_info` VALUES (211502, '石台县', '2', 2115);
INSERT INTO `city_info` VALUES (211503, '青阳县', '2', 2115);
INSERT INTO `city_info` VALUES (211600, '宣州区', '2', 2116);
INSERT INTO `city_info` VALUES (211601, '郎溪县', '2', 2116);
INSERT INTO `city_info` VALUES (211602, '广德县', '2', 2116);
INSERT INTO `city_info` VALUES (211603, '泾县', '2', 2116);
INSERT INTO `city_info` VALUES (211604, '绩溪县', '2', 2116);
INSERT INTO `city_info` VALUES (211605, '旌德县', '2', 2116);
INSERT INTO `city_info` VALUES (211606, '宁国市', '2', 2116);
INSERT INTO `city_info` VALUES (220000, '鼓楼区', '2', 2200);
INSERT INTO `city_info` VALUES (220001, '台江区', '2', 2200);
INSERT INTO `city_info` VALUES (220002, '仓山区', '2', 2200);
INSERT INTO `city_info` VALUES (220003, '马尾区', '2', 2200);
INSERT INTO `city_info` VALUES (220004, '晋安区', '2', 2200);
INSERT INTO `city_info` VALUES (220005, '闽侯县', '2', 2200);
INSERT INTO `city_info` VALUES (220006, '连江县', '2', 2200);
INSERT INTO `city_info` VALUES (220007, '罗源县', '2', 2200);
INSERT INTO `city_info` VALUES (220008, '闽清县', '2', 2200);
INSERT INTO `city_info` VALUES (220009, '永泰县', '2', 2200);
INSERT INTO `city_info` VALUES (220010, '平潭县', '2', 2200);
INSERT INTO `city_info` VALUES (220011, '福清市', '2', 2200);
INSERT INTO `city_info` VALUES (220012, '长乐市', '2', 2200);
INSERT INTO `city_info` VALUES (220100, '思明区', '2', 2201);
INSERT INTO `city_info` VALUES (220101, '海沧区', '2', 2201);
INSERT INTO `city_info` VALUES (220102, '湖里区', '2', 2201);
INSERT INTO `city_info` VALUES (220103, '集美区', '2', 2201);
INSERT INTO `city_info` VALUES (220104, '同安区', '2', 2201);
INSERT INTO `city_info` VALUES (220105, '翔安区', '2', 2201);
INSERT INTO `city_info` VALUES (220200, '城厢区', '2', 2202);
INSERT INTO `city_info` VALUES (220201, '涵江区', '2', 2202);
INSERT INTO `city_info` VALUES (220202, '荔城区', '2', 2202);
INSERT INTO `city_info` VALUES (220203, '秀屿区', '2', 2202);
INSERT INTO `city_info` VALUES (220204, '仙游县', '2', 2202);
INSERT INTO `city_info` VALUES (220300, '梅列区', '2', 2203);
INSERT INTO `city_info` VALUES (220301, '三元区', '2', 2203);
INSERT INTO `city_info` VALUES (220302, '明溪县', '2', 2203);
INSERT INTO `city_info` VALUES (220303, '清流县', '2', 2203);
INSERT INTO `city_info` VALUES (220304, '宁化县', '2', 2203);
INSERT INTO `city_info` VALUES (220305, '大田县', '2', 2203);
INSERT INTO `city_info` VALUES (220306, '尤溪县', '2', 2203);
INSERT INTO `city_info` VALUES (220307, '沙县', '2', 2203);
INSERT INTO `city_info` VALUES (220308, '将乐县', '2', 2203);
INSERT INTO `city_info` VALUES (220309, '泰宁县', '2', 2203);
INSERT INTO `city_info` VALUES (220310, '建宁县', '2', 2203);
INSERT INTO `city_info` VALUES (220311, '永安市', '2', 2203);
INSERT INTO `city_info` VALUES (220400, '鲤城区', '2', 2204);
INSERT INTO `city_info` VALUES (220401, '丰泽区', '2', 2204);
INSERT INTO `city_info` VALUES (220402, '洛江区', '2', 2204);
INSERT INTO `city_info` VALUES (220403, '泉港区', '2', 2204);
INSERT INTO `city_info` VALUES (220404, '惠安县', '2', 2204);
INSERT INTO `city_info` VALUES (220405, '安溪县', '2', 2204);
INSERT INTO `city_info` VALUES (220406, '永春县', '2', 2204);
INSERT INTO `city_info` VALUES (220407, '德化县', '2', 2204);
INSERT INTO `city_info` VALUES (220408, '金门县', '2', 2204);
INSERT INTO `city_info` VALUES (220409, '石狮市', '2', 2204);
INSERT INTO `city_info` VALUES (220410, '晋江市', '2', 2204);
INSERT INTO `city_info` VALUES (220411, '南安市', '2', 2204);
INSERT INTO `city_info` VALUES (220500, '芗城区', '2', 2205);
INSERT INTO `city_info` VALUES (220501, '龙文区', '2', 2205);
INSERT INTO `city_info` VALUES (220502, '云霄县', '2', 2205);
INSERT INTO `city_info` VALUES (220503, '漳浦县', '2', 2205);
INSERT INTO `city_info` VALUES (220504, '诏安县', '2', 2205);
INSERT INTO `city_info` VALUES (220505, '长泰县', '2', 2205);
INSERT INTO `city_info` VALUES (220506, '东山县', '2', 2205);
INSERT INTO `city_info` VALUES (220507, '南靖县', '2', 2205);
INSERT INTO `city_info` VALUES (220508, '平和县', '2', 2205);
INSERT INTO `city_info` VALUES (220509, '华安县', '2', 2205);
INSERT INTO `city_info` VALUES (220510, '龙海市', '2', 2205);
INSERT INTO `city_info` VALUES (220600, '延平区', '2', 2206);
INSERT INTO `city_info` VALUES (220601, '顺昌县', '2', 2206);
INSERT INTO `city_info` VALUES (220602, '浦城县', '2', 2206);
INSERT INTO `city_info` VALUES (220603, '光泽县', '2', 2206);
INSERT INTO `city_info` VALUES (220604, '松溪县', '2', 2206);
INSERT INTO `city_info` VALUES (220605, '政和县', '2', 2206);
INSERT INTO `city_info` VALUES (220606, '邵武市', '2', 2206);
INSERT INTO `city_info` VALUES (220607, '武夷山市', '2', 2206);
INSERT INTO `city_info` VALUES (220608, '建瓯市', '2', 2206);
INSERT INTO `city_info` VALUES (220609, '建阳市', '2', 2206);
INSERT INTO `city_info` VALUES (220700, '新罗区', '2', 2207);
INSERT INTO `city_info` VALUES (220701, '长汀县', '2', 2207);
INSERT INTO `city_info` VALUES (220702, '永定县', '2', 2207);
INSERT INTO `city_info` VALUES (220703, '上杭县', '2', 2207);
INSERT INTO `city_info` VALUES (220704, '武平县', '2', 2207);
INSERT INTO `city_info` VALUES (220705, '连城县', '2', 2207);
INSERT INTO `city_info` VALUES (220706, '漳平市', '2', 2207);
INSERT INTO `city_info` VALUES (220800, '蕉城区', '2', 2208);
INSERT INTO `city_info` VALUES (220801, '霞浦县', '2', 2208);
INSERT INTO `city_info` VALUES (220802, '古田县', '2', 2208);
INSERT INTO `city_info` VALUES (220803, '屏南县', '2', 2208);
INSERT INTO `city_info` VALUES (220804, '寿宁县', '2', 2208);
INSERT INTO `city_info` VALUES (220805, '周宁县', '2', 2208);
INSERT INTO `city_info` VALUES (220806, '柘荣县', '2', 2208);
INSERT INTO `city_info` VALUES (220807, '福安市', '2', 2208);
INSERT INTO `city_info` VALUES (220808, '福鼎市', '2', 2208);
INSERT INTO `city_info` VALUES (230000, '东湖区', '2', 2300);
INSERT INTO `city_info` VALUES (230001, '西湖区', '2', 2300);
INSERT INTO `city_info` VALUES (230002, '青云谱区', '2', 2300);
INSERT INTO `city_info` VALUES (230003, '湾里区', '2', 2300);
INSERT INTO `city_info` VALUES (230004, '青山湖区', '2', 2300);
INSERT INTO `city_info` VALUES (230005, '南昌县', '2', 2300);
INSERT INTO `city_info` VALUES (230006, '新建县', '2', 2300);
INSERT INTO `city_info` VALUES (230007, '安义县', '2', 2300);
INSERT INTO `city_info` VALUES (230008, '进贤县', '2', 2300);
INSERT INTO `city_info` VALUES (230100, '昌江区', '2', 2301);
INSERT INTO `city_info` VALUES (230101, '珠山区', '2', 2301);
INSERT INTO `city_info` VALUES (230102, '浮梁县', '2', 2301);
INSERT INTO `city_info` VALUES (230103, '乐平市', '2', 2301);
INSERT INTO `city_info` VALUES (230200, '安源区', '2', 2302);
INSERT INTO `city_info` VALUES (230201, '湘东区', '2', 2302);
INSERT INTO `city_info` VALUES (230202, '莲花县', '2', 2302);
INSERT INTO `city_info` VALUES (230203, '上栗县', '2', 2302);
INSERT INTO `city_info` VALUES (230204, '芦溪县', '2', 2302);
INSERT INTO `city_info` VALUES (230300, '庐山区', '2', 2303);
INSERT INTO `city_info` VALUES (230301, '浔阳区', '2', 2303);
INSERT INTO `city_info` VALUES (230302, '九江县', '2', 2303);
INSERT INTO `city_info` VALUES (230303, '武宁县', '2', 2303);
INSERT INTO `city_info` VALUES (230304, '修水县', '2', 2303);
INSERT INTO `city_info` VALUES (230305, '永修县', '2', 2303);
INSERT INTO `city_info` VALUES (230306, '德安县', '2', 2303);
INSERT INTO `city_info` VALUES (230307, '星子县', '2', 2303);
INSERT INTO `city_info` VALUES (230308, '都昌县', '2', 2303);
INSERT INTO `city_info` VALUES (230309, '湖口县', '2', 2303);
INSERT INTO `city_info` VALUES (230310, '彭泽县', '2', 2303);
INSERT INTO `city_info` VALUES (230311, '瑞昌市', '2', 2303);
INSERT INTO `city_info` VALUES (230400, '渝水区', '2', 2304);
INSERT INTO `city_info` VALUES (230401, '分宜县', '2', 2304);
INSERT INTO `city_info` VALUES (230500, '月湖区', '2', 2305);
INSERT INTO `city_info` VALUES (230501, '余江县', '2', 2305);
INSERT INTO `city_info` VALUES (230502, '贵溪市', '2', 2305);
INSERT INTO `city_info` VALUES (230600, '章贡区', '2', 2306);
INSERT INTO `city_info` VALUES (230601, '赣县', '2', 2306);
INSERT INTO `city_info` VALUES (230602, '信丰县', '2', 2306);
INSERT INTO `city_info` VALUES (230603, '大余县', '2', 2306);
INSERT INTO `city_info` VALUES (230604, '上犹县', '2', 2306);
INSERT INTO `city_info` VALUES (230605, '崇义县', '2', 2306);
INSERT INTO `city_info` VALUES (230606, '安远县', '2', 2306);
INSERT INTO `city_info` VALUES (230607, '龙南县', '2', 2306);
INSERT INTO `city_info` VALUES (230608, '定南县', '2', 2306);
INSERT INTO `city_info` VALUES (230609, '全南县', '2', 2306);
INSERT INTO `city_info` VALUES (230610, '宁都县', '2', 2306);
INSERT INTO `city_info` VALUES (230611, '于都县', '2', 2306);
INSERT INTO `city_info` VALUES (230612, '兴国县', '2', 2306);
INSERT INTO `city_info` VALUES (230613, '会昌县', '2', 2306);
INSERT INTO `city_info` VALUES (230614, '寻乌县', '2', 2306);
INSERT INTO `city_info` VALUES (230615, '石城县', '2', 2306);
INSERT INTO `city_info` VALUES (230616, '瑞金市', '2', 2306);
INSERT INTO `city_info` VALUES (230617, '南康市', '2', 2306);
INSERT INTO `city_info` VALUES (230700, '吉州区', '2', 2307);
INSERT INTO `city_info` VALUES (230701, '青原区', '2', 2307);
INSERT INTO `city_info` VALUES (230702, '吉安县', '2', 2307);
INSERT INTO `city_info` VALUES (230703, '吉水县', '2', 2307);
INSERT INTO `city_info` VALUES (230704, '峡江县', '2', 2307);
INSERT INTO `city_info` VALUES (230705, '新干县', '2', 2307);
INSERT INTO `city_info` VALUES (230706, '永丰县', '2', 2307);
INSERT INTO `city_info` VALUES (230707, '泰和县', '2', 2307);
INSERT INTO `city_info` VALUES (230708, '遂川县', '2', 2307);
INSERT INTO `city_info` VALUES (230709, '万安县', '2', 2307);
INSERT INTO `city_info` VALUES (230710, '安福县', '2', 2307);
INSERT INTO `city_info` VALUES (230711, '永新县', '2', 2307);
INSERT INTO `city_info` VALUES (230712, '井冈山市', '2', 2307);
INSERT INTO `city_info` VALUES (230800, '袁州区', '2', 2308);
INSERT INTO `city_info` VALUES (230801, '奉新县', '2', 2308);
INSERT INTO `city_info` VALUES (230802, '万载县', '2', 2308);
INSERT INTO `city_info` VALUES (230803, '上高县', '2', 2308);
INSERT INTO `city_info` VALUES (230804, '宜丰县', '2', 2308);
INSERT INTO `city_info` VALUES (230805, '靖安县', '2', 2308);
INSERT INTO `city_info` VALUES (230806, '铜鼓县', '2', 2308);
INSERT INTO `city_info` VALUES (230807, '丰城市', '2', 2308);
INSERT INTO `city_info` VALUES (230808, '樟树市', '2', 2308);
INSERT INTO `city_info` VALUES (230809, '高安市', '2', 2308);
INSERT INTO `city_info` VALUES (230900, '临川区', '2', 2309);
INSERT INTO `city_info` VALUES (230901, '南城县', '2', 2309);
INSERT INTO `city_info` VALUES (230902, '黎川县', '2', 2309);
INSERT INTO `city_info` VALUES (230903, '南丰县', '2', 2309);
INSERT INTO `city_info` VALUES (230904, '崇仁县', '2', 2309);
INSERT INTO `city_info` VALUES (230905, '乐安县', '2', 2309);
INSERT INTO `city_info` VALUES (230906, '宜黄县', '2', 2309);
INSERT INTO `city_info` VALUES (230907, '金溪县', '2', 2309);
INSERT INTO `city_info` VALUES (230908, '资溪县', '2', 2309);
INSERT INTO `city_info` VALUES (230909, '东乡县', '2', 2309);
INSERT INTO `city_info` VALUES (230910, '广昌县', '2', 2309);
INSERT INTO `city_info` VALUES (231000, '信州区', '2', 2310);
INSERT INTO `city_info` VALUES (231001, '上饶县', '2', 2310);
INSERT INTO `city_info` VALUES (231002, '广丰县', '2', 2310);
INSERT INTO `city_info` VALUES (231003, '玉山县', '2', 2310);
INSERT INTO `city_info` VALUES (231004, '铅山县', '2', 2310);
INSERT INTO `city_info` VALUES (231005, '横峰县', '2', 2310);
INSERT INTO `city_info` VALUES (231006, '弋阳县', '2', 2310);
INSERT INTO `city_info` VALUES (231007, '余干县', '2', 2310);
INSERT INTO `city_info` VALUES (231008, '鄱阳县', '2', 2310);
INSERT INTO `city_info` VALUES (231009, '万年县', '2', 2310);
INSERT INTO `city_info` VALUES (231010, '婺源县', '2', 2310);
INSERT INTO `city_info` VALUES (231011, '德兴市', '2', 2310);
INSERT INTO `city_info` VALUES (240000, '历下区', '2', 2400);
INSERT INTO `city_info` VALUES (240001, '市中区', '2', 2400);
INSERT INTO `city_info` VALUES (240002, '槐荫区', '2', 2400);
INSERT INTO `city_info` VALUES (240003, '天桥区', '2', 2400);
INSERT INTO `city_info` VALUES (240004, '历城区', '2', 2400);
INSERT INTO `city_info` VALUES (240005, '长清区', '2', 2400);
INSERT INTO `city_info` VALUES (240006, '平阴县', '2', 2400);
INSERT INTO `city_info` VALUES (240007, '济阳县', '2', 2400);
INSERT INTO `city_info` VALUES (240008, '商河县', '2', 2400);
INSERT INTO `city_info` VALUES (240009, '章丘市', '2', 2400);
INSERT INTO `city_info` VALUES (240100, '市南区', '2', 2401);
INSERT INTO `city_info` VALUES (240101, '市北区', '2', 2401);
INSERT INTO `city_info` VALUES (240102, '四方区', '2', 2401);
INSERT INTO `city_info` VALUES (240103, '黄岛区', '2', 2401);
INSERT INTO `city_info` VALUES (240104, '崂山区', '2', 2401);
INSERT INTO `city_info` VALUES (240105, '李沧区', '2', 2401);
INSERT INTO `city_info` VALUES (240106, '城阳区', '2', 2401);
INSERT INTO `city_info` VALUES (240107, '胶州市', '2', 2401);
INSERT INTO `city_info` VALUES (240108, '即墨市', '2', 2401);
INSERT INTO `city_info` VALUES (240109, '平度市', '2', 2401);
INSERT INTO `city_info` VALUES (240110, '胶南市', '2', 2401);
INSERT INTO `city_info` VALUES (240111, '莱西市', '2', 2401);
INSERT INTO `city_info` VALUES (240200, '淄川区', '2', 2402);
INSERT INTO `city_info` VALUES (240201, '张店区', '2', 2402);
INSERT INTO `city_info` VALUES (240202, '博山区', '2', 2402);
INSERT INTO `city_info` VALUES (240203, '临淄区', '2', 2402);
INSERT INTO `city_info` VALUES (240204, '周村区', '2', 2402);
INSERT INTO `city_info` VALUES (240205, '桓台县', '2', 2402);
INSERT INTO `city_info` VALUES (240206, '高青县', '2', 2402);
INSERT INTO `city_info` VALUES (240207, '沂源县', '2', 2402);
INSERT INTO `city_info` VALUES (240300, '市中区', '2', 2403);
INSERT INTO `city_info` VALUES (240301, '薛城区', '2', 2403);
INSERT INTO `city_info` VALUES (240302, '峄城区', '2', 2403);
INSERT INTO `city_info` VALUES (240303, '台儿庄区', '2', 2403);
INSERT INTO `city_info` VALUES (240304, '山亭区', '2', 2403);
INSERT INTO `city_info` VALUES (240305, '滕州市', '2', 2403);
INSERT INTO `city_info` VALUES (240400, '东营区', '2', 2404);
INSERT INTO `city_info` VALUES (240401, '河口区', '2', 2404);
INSERT INTO `city_info` VALUES (240402, '垦利县', '2', 2404);
INSERT INTO `city_info` VALUES (240403, '利津县', '2', 2404);
INSERT INTO `city_info` VALUES (240404, '广饶县', '2', 2404);
INSERT INTO `city_info` VALUES (240500, '芝罘区', '2', 2405);
INSERT INTO `city_info` VALUES (240501, '福山区', '2', 2405);
INSERT INTO `city_info` VALUES (240502, '牟平区', '2', 2405);
INSERT INTO `city_info` VALUES (240503, '莱山区', '2', 2405);
INSERT INTO `city_info` VALUES (240504, '长岛县', '2', 2405);
INSERT INTO `city_info` VALUES (240505, '龙口市', '2', 2405);
INSERT INTO `city_info` VALUES (240506, '莱阳市', '2', 2405);
INSERT INTO `city_info` VALUES (240507, '莱州市', '2', 2405);
INSERT INTO `city_info` VALUES (240508, '蓬莱市', '2', 2405);
INSERT INTO `city_info` VALUES (240509, '招远市', '2', 2405);
INSERT INTO `city_info` VALUES (240510, '栖霞市', '2', 2405);
INSERT INTO `city_info` VALUES (240511, '海阳市', '2', 2405);
INSERT INTO `city_info` VALUES (240600, '潍城区', '2', 2406);
INSERT INTO `city_info` VALUES (240601, '寒亭区', '2', 2406);
INSERT INTO `city_info` VALUES (240602, '坊子区', '2', 2406);
INSERT INTO `city_info` VALUES (240603, '奎文区', '2', 2406);
INSERT INTO `city_info` VALUES (240604, '临朐县', '2', 2406);
INSERT INTO `city_info` VALUES (240605, '昌乐县', '2', 2406);
INSERT INTO `city_info` VALUES (240606, '青州市', '2', 2406);
INSERT INTO `city_info` VALUES (240607, '诸城市', '2', 2406);
INSERT INTO `city_info` VALUES (240608, '寿光市', '2', 2406);
INSERT INTO `city_info` VALUES (240609, '安丘市', '2', 2406);
INSERT INTO `city_info` VALUES (240610, '高密市', '2', 2406);
INSERT INTO `city_info` VALUES (240611, '昌邑市', '2', 2406);
INSERT INTO `city_info` VALUES (240700, '市中区', '2', 2407);
INSERT INTO `city_info` VALUES (240701, '任城区', '2', 2407);
INSERT INTO `city_info` VALUES (240702, '微山县', '2', 2407);
INSERT INTO `city_info` VALUES (240703, '鱼台县', '2', 2407);
INSERT INTO `city_info` VALUES (240704, '金乡县', '2', 2407);
INSERT INTO `city_info` VALUES (240705, '嘉祥县', '2', 2407);
INSERT INTO `city_info` VALUES (240706, '汶上县', '2', 2407);
INSERT INTO `city_info` VALUES (240707, '泗水县', '2', 2407);
INSERT INTO `city_info` VALUES (240708, '梁山县', '2', 2407);
INSERT INTO `city_info` VALUES (240709, '曲阜市', '2', 2407);
INSERT INTO `city_info` VALUES (240710, '兖州市', '2', 2407);
INSERT INTO `city_info` VALUES (240711, '邹城市', '2', 2407);
INSERT INTO `city_info` VALUES (240800, '泰山区', '2', 2408);
INSERT INTO `city_info` VALUES (240801, '岱岳区', '2', 2408);
INSERT INTO `city_info` VALUES (240802, '宁阳县', '2', 2408);
INSERT INTO `city_info` VALUES (240803, '东平县', '2', 2408);
INSERT INTO `city_info` VALUES (240804, '新泰市', '2', 2408);
INSERT INTO `city_info` VALUES (240805, '肥城市', '2', 2408);
INSERT INTO `city_info` VALUES (240900, '环翠区', '2', 2409);
INSERT INTO `city_info` VALUES (240901, '文登市', '2', 2409);
INSERT INTO `city_info` VALUES (240902, '荣成市', '2', 2409);
INSERT INTO `city_info` VALUES (240903, '乳山市', '2', 2409);
INSERT INTO `city_info` VALUES (241000, '东港区', '2', 2410);
INSERT INTO `city_info` VALUES (241001, '岚山区', '2', 2410);
INSERT INTO `city_info` VALUES (241002, '五莲县', '2', 2410);
INSERT INTO `city_info` VALUES (241003, '莒县', '2', 2410);
INSERT INTO `city_info` VALUES (241100, '莱城区', '2', 2411);
INSERT INTO `city_info` VALUES (241101, '钢城区', '2', 2411);
INSERT INTO `city_info` VALUES (241200, '兰山区', '2', 2412);
INSERT INTO `city_info` VALUES (241201, '罗庄区', '2', 2412);
INSERT INTO `city_info` VALUES (241202, '河东区', '2', 2412);
INSERT INTO `city_info` VALUES (241203, '沂南县', '2', 2412);
INSERT INTO `city_info` VALUES (241204, '郯城县', '2', 2412);
INSERT INTO `city_info` VALUES (241205, '沂水县', '2', 2412);
INSERT INTO `city_info` VALUES (241206, '苍山县', '2', 2412);
INSERT INTO `city_info` VALUES (241207, '费县', '2', 2412);
INSERT INTO `city_info` VALUES (241208, '平邑县', '2', 2412);
INSERT INTO `city_info` VALUES (241209, '莒南县', '2', 2412);
INSERT INTO `city_info` VALUES (241210, '蒙阴县', '2', 2412);
INSERT INTO `city_info` VALUES (241211, '临沭县', '2', 2412);
INSERT INTO `city_info` VALUES (241300, '德城区', '2', 2413);
INSERT INTO `city_info` VALUES (241301, '陵县', '2', 2413);
INSERT INTO `city_info` VALUES (241302, '宁津县', '2', 2413);
INSERT INTO `city_info` VALUES (241303, '庆云县', '2', 2413);
INSERT INTO `city_info` VALUES (241304, '临邑县', '2', 2413);
INSERT INTO `city_info` VALUES (241305, '齐河县', '2', 2413);
INSERT INTO `city_info` VALUES (241306, '平原县', '2', 2413);
INSERT INTO `city_info` VALUES (241307, '夏津县', '2', 2413);
INSERT INTO `city_info` VALUES (241308, '武城县', '2', 2413);
INSERT INTO `city_info` VALUES (241309, '乐陵市', '2', 2413);
INSERT INTO `city_info` VALUES (241310, '禹城市', '2', 2413);
INSERT INTO `city_info` VALUES (241400, '东昌府区', '2', 2414);
INSERT INTO `city_info` VALUES (241401, '阳谷县', '2', 2414);
INSERT INTO `city_info` VALUES (241402, '莘县', '2', 2414);
INSERT INTO `city_info` VALUES (241403, '茌平县', '2', 2414);
INSERT INTO `city_info` VALUES (241404, '东阿县', '2', 2414);
INSERT INTO `city_info` VALUES (241405, '冠县', '2', 2414);
INSERT INTO `city_info` VALUES (241406, '高唐县', '2', 2414);
INSERT INTO `city_info` VALUES (241407, '临清市', '2', 2414);
INSERT INTO `city_info` VALUES (241500, '滨城区', '2', 2415);
INSERT INTO `city_info` VALUES (241501, '惠民县', '2', 2415);
INSERT INTO `city_info` VALUES (241502, '阳信县', '2', 2415);
INSERT INTO `city_info` VALUES (241503, '无棣县', '2', 2415);
INSERT INTO `city_info` VALUES (241504, '沾化县', '2', 2415);
INSERT INTO `city_info` VALUES (241505, '博兴县', '2', 2415);
INSERT INTO `city_info` VALUES (241506, '邹平县', '2', 2415);
INSERT INTO `city_info` VALUES (241600, '牡丹区', '2', 2416);
INSERT INTO `city_info` VALUES (241601, '曹县', '2', 2416);
INSERT INTO `city_info` VALUES (241602, '单县', '2', 2416);
INSERT INTO `city_info` VALUES (241603, '成武县', '2', 2416);
INSERT INTO `city_info` VALUES (241604, '巨野县', '2', 2416);
INSERT INTO `city_info` VALUES (241605, '郓城县', '2', 2416);
INSERT INTO `city_info` VALUES (241606, '鄄城县', '2', 2416);
INSERT INTO `city_info` VALUES (241607, '定陶县', '2', 2416);
INSERT INTO `city_info` VALUES (241608, '东明县', '2', 2416);
INSERT INTO `city_info` VALUES (250000, '中原区', '2', 2500);
INSERT INTO `city_info` VALUES (250001, '二七区', '2', 2500);
INSERT INTO `city_info` VALUES (250002, '管城回族区', '2', 2500);
INSERT INTO `city_info` VALUES (250003, '金水区', '2', 2500);
INSERT INTO `city_info` VALUES (250004, '上街区', '2', 2500);
INSERT INTO `city_info` VALUES (250005, '惠济区', '2', 2500);
INSERT INTO `city_info` VALUES (250006, '中牟县', '2', 2500);
INSERT INTO `city_info` VALUES (250007, '巩义市', '2', 2500);
INSERT INTO `city_info` VALUES (250008, '荥阳市', '2', 2500);
INSERT INTO `city_info` VALUES (250009, '新密市', '2', 2500);
INSERT INTO `city_info` VALUES (250010, '新郑市', '2', 2500);
INSERT INTO `city_info` VALUES (250011, '登封市', '2', 2500);
INSERT INTO `city_info` VALUES (250100, '龙亭区', '2', 2501);
INSERT INTO `city_info` VALUES (250101, '顺河回族区', '2', 2501);
INSERT INTO `city_info` VALUES (250102, '鼓楼区', '2', 2501);
INSERT INTO `city_info` VALUES (250103, '禹王台区', '2', 2501);
INSERT INTO `city_info` VALUES (250104, '金明区', '2', 2501);
INSERT INTO `city_info` VALUES (250105, '杞县', '2', 2501);
INSERT INTO `city_info` VALUES (250106, '通许县', '2', 2501);
INSERT INTO `city_info` VALUES (250107, '尉氏县', '2', 2501);
INSERT INTO `city_info` VALUES (250108, '开封县', '2', 2501);
INSERT INTO `city_info` VALUES (250109, '兰考县', '2', 2501);
INSERT INTO `city_info` VALUES (250200, '老城区', '2', 2502);
INSERT INTO `city_info` VALUES (250201, '西工区', '2', 2502);
INSERT INTO `city_info` VALUES (250202, '廛河回族区', '2', 2502);
INSERT INTO `city_info` VALUES (250203, '涧西区', '2', 2502);
INSERT INTO `city_info` VALUES (250204, '吉利区', '2', 2502);
INSERT INTO `city_info` VALUES (250205, '洛龙区', '2', 2502);
INSERT INTO `city_info` VALUES (250206, '孟津县', '2', 2502);
INSERT INTO `city_info` VALUES (250207, '新安县', '2', 2502);
INSERT INTO `city_info` VALUES (250208, '栾川县', '2', 2502);
INSERT INTO `city_info` VALUES (250209, '嵩县', '2', 2502);
INSERT INTO `city_info` VALUES (250210, '汝阳县', '2', 2502);
INSERT INTO `city_info` VALUES (250211, '宜阳县', '2', 2502);
INSERT INTO `city_info` VALUES (250212, '洛宁县', '2', 2502);
INSERT INTO `city_info` VALUES (250213, '伊川县', '2', 2502);
INSERT INTO `city_info` VALUES (250214, '偃师市', '2', 2502);
INSERT INTO `city_info` VALUES (250300, '新华区', '2', 2503);
INSERT INTO `city_info` VALUES (250301, '卫东区', '2', 2503);
INSERT INTO `city_info` VALUES (250302, '石龙区', '2', 2503);
INSERT INTO `city_info` VALUES (250303, '湛河区', '2', 2503);
INSERT INTO `city_info` VALUES (250304, '宝丰县', '2', 2503);
INSERT INTO `city_info` VALUES (250305, '叶县', '2', 2503);
INSERT INTO `city_info` VALUES (250306, '鲁山县', '2', 2503);
INSERT INTO `city_info` VALUES (250307, '郏县', '2', 2503);
INSERT INTO `city_info` VALUES (250308, '舞钢市', '2', 2503);
INSERT INTO `city_info` VALUES (250309, '汝州市', '2', 2503);
INSERT INTO `city_info` VALUES (250400, '文峰区', '2', 2504);
INSERT INTO `city_info` VALUES (250401, '北关区', '2', 2504);
INSERT INTO `city_info` VALUES (250402, '殷都区', '2', 2504);
INSERT INTO `city_info` VALUES (250403, '龙安区', '2', 2504);
INSERT INTO `city_info` VALUES (250404, '安阳县', '2', 2504);
INSERT INTO `city_info` VALUES (250405, '汤阴县', '2', 2504);
INSERT INTO `city_info` VALUES (250406, '滑县', '2', 2504);
INSERT INTO `city_info` VALUES (250407, '内黄县', '2', 2504);
INSERT INTO `city_info` VALUES (250408, '林州市', '2', 2504);
INSERT INTO `city_info` VALUES (250500, '鹤山区', '2', 2505);
INSERT INTO `city_info` VALUES (250501, '山城区', '2', 2505);
INSERT INTO `city_info` VALUES (250502, '淇滨区', '2', 2505);
INSERT INTO `city_info` VALUES (250503, '浚县', '2', 2505);
INSERT INTO `city_info` VALUES (250504, '淇县', '2', 2505);
INSERT INTO `city_info` VALUES (250600, '红旗区', '2', 2506);
INSERT INTO `city_info` VALUES (250601, '卫滨区', '2', 2506);
INSERT INTO `city_info` VALUES (250602, '凤泉区', '2', 2506);
INSERT INTO `city_info` VALUES (250603, '牧野区', '2', 2506);
INSERT INTO `city_info` VALUES (250604, '新乡县', '2', 2506);
INSERT INTO `city_info` VALUES (250605, '获嘉县', '2', 2506);
INSERT INTO `city_info` VALUES (250606, '原阳县', '2', 2506);
INSERT INTO `city_info` VALUES (250607, '延津县', '2', 2506);
INSERT INTO `city_info` VALUES (250608, '封丘县', '2', 2506);
INSERT INTO `city_info` VALUES (250609, '长垣县', '2', 2506);
INSERT INTO `city_info` VALUES (250610, '卫辉市', '2', 2506);
INSERT INTO `city_info` VALUES (250611, '辉县市', '2', 2506);
INSERT INTO `city_info` VALUES (250700, '解放区', '2', 2507);
INSERT INTO `city_info` VALUES (250701, '中站区', '2', 2507);
INSERT INTO `city_info` VALUES (250702, '马村区', '2', 2507);
INSERT INTO `city_info` VALUES (250703, '山阳区', '2', 2507);
INSERT INTO `city_info` VALUES (250704, '修武县', '2', 2507);
INSERT INTO `city_info` VALUES (250705, '博爱县', '2', 2507);
INSERT INTO `city_info` VALUES (250706, '武陟县', '2', 2507);
INSERT INTO `city_info` VALUES (250707, '温县', '2', 2507);
INSERT INTO `city_info` VALUES (250708, '沁阳市', '2', 2507);
INSERT INTO `city_info` VALUES (250709, '孟州市', '2', 2507);
INSERT INTO `city_info` VALUES (250800, '华龙区', '2', 2508);
INSERT INTO `city_info` VALUES (250801, '清丰县', '2', 2508);
INSERT INTO `city_info` VALUES (250802, '南乐县', '2', 2508);
INSERT INTO `city_info` VALUES (250803, '范县', '2', 2508);
INSERT INTO `city_info` VALUES (250804, '台前县', '2', 2508);
INSERT INTO `city_info` VALUES (250805, '濮阳县', '2', 2508);
INSERT INTO `city_info` VALUES (250900, '魏都区', '2', 2509);
INSERT INTO `city_info` VALUES (250901, '许昌县', '2', 2509);
INSERT INTO `city_info` VALUES (250902, '鄢陵县', '2', 2509);
INSERT INTO `city_info` VALUES (250903, '襄城县', '2', 2509);
INSERT INTO `city_info` VALUES (250904, '禹州市', '2', 2509);
INSERT INTO `city_info` VALUES (250905, '长葛市', '2', 2509);
INSERT INTO `city_info` VALUES (251000, '源汇区', '2', 2510);
INSERT INTO `city_info` VALUES (251001, '郾城区', '2', 2510);
INSERT INTO `city_info` VALUES (251002, '召陵区', '2', 2510);
INSERT INTO `city_info` VALUES (251003, '舞阳县', '2', 2510);
INSERT INTO `city_info` VALUES (251004, '临颍县', '2', 2510);
INSERT INTO `city_info` VALUES (251100, '湖滨区', '2', 2511);
INSERT INTO `city_info` VALUES (251101, '渑池县', '2', 2511);
INSERT INTO `city_info` VALUES (251102, '陕县', '2', 2511);
INSERT INTO `city_info` VALUES (251103, '卢氏县', '2', 2511);
INSERT INTO `city_info` VALUES (251104, '义马市', '2', 2511);
INSERT INTO `city_info` VALUES (251105, '灵宝市', '2', 2511);
INSERT INTO `city_info` VALUES (251200, '宛城区', '2', 2512);
INSERT INTO `city_info` VALUES (251201, '卧龙区', '2', 2512);
INSERT INTO `city_info` VALUES (251202, '南召县', '2', 2512);
INSERT INTO `city_info` VALUES (251203, '方城县', '2', 2512);
INSERT INTO `city_info` VALUES (251204, '西峡县', '2', 2512);
INSERT INTO `city_info` VALUES (251205, '镇平县', '2', 2512);
INSERT INTO `city_info` VALUES (251206, '内乡县', '2', 2512);
INSERT INTO `city_info` VALUES (251207, '淅川县', '2', 2512);
INSERT INTO `city_info` VALUES (251208, '社旗县', '2', 2512);
INSERT INTO `city_info` VALUES (251209, '唐河县', '2', 2512);
INSERT INTO `city_info` VALUES (251210, '新野县', '2', 2512);
INSERT INTO `city_info` VALUES (251211, '桐柏县', '2', 2512);
INSERT INTO `city_info` VALUES (251212, '邓州市', '2', 2512);
INSERT INTO `city_info` VALUES (251300, '梁园区', '2', 2513);
INSERT INTO `city_info` VALUES (251301, '睢阳区', '2', 2513);
INSERT INTO `city_info` VALUES (251302, '民权县', '2', 2513);
INSERT INTO `city_info` VALUES (251303, '睢县', '2', 2513);
INSERT INTO `city_info` VALUES (251304, '宁陵县', '2', 2513);
INSERT INTO `city_info` VALUES (251305, '柘城县', '2', 2513);
INSERT INTO `city_info` VALUES (251306, '虞城县', '2', 2513);
INSERT INTO `city_info` VALUES (251307, '夏邑县', '2', 2513);
INSERT INTO `city_info` VALUES (251308, '永城市', '2', 2513);
INSERT INTO `city_info` VALUES (251400, '浉河区', '2', 2514);
INSERT INTO `city_info` VALUES (251401, '平桥区', '2', 2514);
INSERT INTO `city_info` VALUES (251402, '罗山县', '2', 2514);
INSERT INTO `city_info` VALUES (251403, '光山县', '2', 2514);
INSERT INTO `city_info` VALUES (251404, '新县', '2', 2514);
INSERT INTO `city_info` VALUES (251405, '商城县', '2', 2514);
INSERT INTO `city_info` VALUES (251406, '固始县', '2', 2514);
INSERT INTO `city_info` VALUES (251407, '潢川县', '2', 2514);
INSERT INTO `city_info` VALUES (251408, '淮滨县', '2', 2514);
INSERT INTO `city_info` VALUES (251409, '息县', '2', 2514);
INSERT INTO `city_info` VALUES (251500, '川汇区', '2', 2515);
INSERT INTO `city_info` VALUES (251501, '扶沟县', '2', 2515);
INSERT INTO `city_info` VALUES (251502, '西华县', '2', 2515);
INSERT INTO `city_info` VALUES (251503, '商水县', '2', 2515);
INSERT INTO `city_info` VALUES (251504, '沈丘县', '2', 2515);
INSERT INTO `city_info` VALUES (251505, '郸城县', '2', 2515);
INSERT INTO `city_info` VALUES (251506, '淮阳县', '2', 2515);
INSERT INTO `city_info` VALUES (251507, '太康县', '2', 2515);
INSERT INTO `city_info` VALUES (251508, '鹿邑县', '2', 2515);
INSERT INTO `city_info` VALUES (251509, '项城市', '2', 2515);
INSERT INTO `city_info` VALUES (251600, '驿城区', '2', 2516);
INSERT INTO `city_info` VALUES (251601, '西平县', '2', 2516);
INSERT INTO `city_info` VALUES (251602, '上蔡县', '2', 2516);
INSERT INTO `city_info` VALUES (251603, '平舆县', '2', 2516);
INSERT INTO `city_info` VALUES (251604, '正阳县', '2', 2516);
INSERT INTO `city_info` VALUES (251605, '确山县', '2', 2516);
INSERT INTO `city_info` VALUES (251606, '泌阳县', '2', 2516);
INSERT INTO `city_info` VALUES (251607, '汝南县', '2', 2516);
INSERT INTO `city_info` VALUES (251608, '遂平县', '2', 2516);
INSERT INTO `city_info` VALUES (251609, '新蔡县', '2', 2516);
INSERT INTO `city_info` VALUES (251700, '济源', '2', 2517);
INSERT INTO `city_info` VALUES (260000, '江岸区', '2', 2600);
INSERT INTO `city_info` VALUES (260001, '江汉区', '2', 2600);
INSERT INTO `city_info` VALUES (260002, '硚口区', '2', 2600);
INSERT INTO `city_info` VALUES (260003, '汉阳区', '2', 2600);
INSERT INTO `city_info` VALUES (260004, '武昌区', '2', 2600);
INSERT INTO `city_info` VALUES (260005, '青山区', '2', 2600);
INSERT INTO `city_info` VALUES (260006, '洪山区', '2', 2600);
INSERT INTO `city_info` VALUES (260007, '东西湖区', '2', 2600);
INSERT INTO `city_info` VALUES (260008, '汉南区', '2', 2600);
INSERT INTO `city_info` VALUES (260009, '蔡甸区', '2', 2600);
INSERT INTO `city_info` VALUES (260010, '江夏区', '2', 2600);
INSERT INTO `city_info` VALUES (260011, '黄陂区', '2', 2600);
INSERT INTO `city_info` VALUES (260012, '新洲区', '2', 2600);
INSERT INTO `city_info` VALUES (260100, '黄石港区', '2', 2601);
INSERT INTO `city_info` VALUES (260101, '西塞山区', '2', 2601);
INSERT INTO `city_info` VALUES (260102, '下陆区', '2', 2601);
INSERT INTO `city_info` VALUES (260103, '铁山区', '2', 2601);
INSERT INTO `city_info` VALUES (260104, '阳新县', '2', 2601);
INSERT INTO `city_info` VALUES (260105, '大冶市', '2', 2601);
INSERT INTO `city_info` VALUES (260200, '茅箭区', '2', 2602);
INSERT INTO `city_info` VALUES (260201, '张湾区', '2', 2602);
INSERT INTO `city_info` VALUES (260202, '郧县', '2', 2602);
INSERT INTO `city_info` VALUES (260203, '郧西县', '2', 2602);
INSERT INTO `city_info` VALUES (260204, '竹山县', '2', 2602);
INSERT INTO `city_info` VALUES (260205, '竹溪县', '2', 2602);
INSERT INTO `city_info` VALUES (260206, '房县', '2', 2602);
INSERT INTO `city_info` VALUES (260207, '丹江口市', '2', 2602);
INSERT INTO `city_info` VALUES (260300, '西陵区', '2', 2603);
INSERT INTO `city_info` VALUES (260301, '伍家岗区', '2', 2603);
INSERT INTO `city_info` VALUES (260302, '点军区', '2', 2603);
INSERT INTO `city_info` VALUES (260303, '猇亭区', '2', 2603);
INSERT INTO `city_info` VALUES (260304, '夷陵区', '2', 2603);
INSERT INTO `city_info` VALUES (260305, '远安县', '2', 2603);
INSERT INTO `city_info` VALUES (260306, '兴山县', '2', 2603);
INSERT INTO `city_info` VALUES (260307, '秭归县', '2', 2603);
INSERT INTO `city_info` VALUES (260308, '长阳土家族自治县', '2', 2603);
INSERT INTO `city_info` VALUES (260309, '五峰土家族自治县', '2', 2603);
INSERT INTO `city_info` VALUES (260310, '宜都市', '2', 2603);
INSERT INTO `city_info` VALUES (260311, '当阳市', '2', 2603);
INSERT INTO `city_info` VALUES (260312, '枝江市', '2', 2603);
INSERT INTO `city_info` VALUES (260400, '襄城区', '2', 2604);
INSERT INTO `city_info` VALUES (260401, '樊城区', '2', 2604);
INSERT INTO `city_info` VALUES (260402, '襄阳区', '2', 2604);
INSERT INTO `city_info` VALUES (260403, '南漳县', '2', 2604);
INSERT INTO `city_info` VALUES (260404, '谷城县', '2', 2604);
INSERT INTO `city_info` VALUES (260405, '保康县', '2', 2604);
INSERT INTO `city_info` VALUES (260406, '老河口市', '2', 2604);
INSERT INTO `city_info` VALUES (260407, '枣阳市', '2', 2604);
INSERT INTO `city_info` VALUES (260408, '宜城市', '2', 2604);
INSERT INTO `city_info` VALUES (260500, '梁子湖区', '2', 2605);
INSERT INTO `city_info` VALUES (260501, '华容区', '2', 2605);
INSERT INTO `city_info` VALUES (260502, '鄂城区', '2', 2605);
INSERT INTO `city_info` VALUES (260600, '东宝区', '2', 2606);
INSERT INTO `city_info` VALUES (260601, '掇刀区', '2', 2606);
INSERT INTO `city_info` VALUES (260602, '京山县', '2', 2606);
INSERT INTO `city_info` VALUES (260603, '沙洋县', '2', 2606);
INSERT INTO `city_info` VALUES (260604, '钟祥市', '2', 2606);
INSERT INTO `city_info` VALUES (260700, '孝南区', '2', 2607);
INSERT INTO `city_info` VALUES (260701, '孝昌县', '2', 2607);
INSERT INTO `city_info` VALUES (260702, '大悟县', '2', 2607);
INSERT INTO `city_info` VALUES (260703, '云梦县', '2', 2607);
INSERT INTO `city_info` VALUES (260704, '应城市', '2', 2607);
INSERT INTO `city_info` VALUES (260705, '安陆市', '2', 2607);
INSERT INTO `city_info` VALUES (260706, '汉川市', '2', 2607);
INSERT INTO `city_info` VALUES (260800, '沙市区', '2', 2608);
INSERT INTO `city_info` VALUES (260801, '荆州区', '2', 2608);
INSERT INTO `city_info` VALUES (260802, '公安县', '2', 2608);
INSERT INTO `city_info` VALUES (260803, '监利县', '2', 2608);
INSERT INTO `city_info` VALUES (260804, '江陵县', '2', 2608);
INSERT INTO `city_info` VALUES (260805, '石首市', '2', 2608);
INSERT INTO `city_info` VALUES (260806, '洪湖市', '2', 2608);
INSERT INTO `city_info` VALUES (260807, '松滋市', '2', 2608);
INSERT INTO `city_info` VALUES (260900, '黄州区', '2', 2609);
INSERT INTO `city_info` VALUES (260901, '团风县', '2', 2609);
INSERT INTO `city_info` VALUES (260902, '红安县', '2', 2609);
INSERT INTO `city_info` VALUES (260903, '罗田县', '2', 2609);
INSERT INTO `city_info` VALUES (260904, '英山县', '2', 2609);
INSERT INTO `city_info` VALUES (260905, '浠水县', '2', 2609);
INSERT INTO `city_info` VALUES (260906, '蕲春县', '2', 2609);
INSERT INTO `city_info` VALUES (260907, '黄梅县', '2', 2609);
INSERT INTO `city_info` VALUES (260908, '麻城市', '2', 2609);
INSERT INTO `city_info` VALUES (260909, '武穴市', '2', 2609);
INSERT INTO `city_info` VALUES (261000, '咸安区', '2', 2610);
INSERT INTO `city_info` VALUES (261001, '嘉鱼县', '2', 2610);
INSERT INTO `city_info` VALUES (261002, '通城县', '2', 2610);
INSERT INTO `city_info` VALUES (261003, '崇阳县', '2', 2610);
INSERT INTO `city_info` VALUES (261004, '通山县', '2', 2610);
INSERT INTO `city_info` VALUES (261005, '赤壁市', '2', 2610);
INSERT INTO `city_info` VALUES (261100, '曾都区', '2', 2611);
INSERT INTO `city_info` VALUES (261101, '随县', '2', 2611);
INSERT INTO `city_info` VALUES (261102, '广水市', '2', 2611);
INSERT INTO `city_info` VALUES (261200, '恩施市', '2', 2612);
INSERT INTO `city_info` VALUES (261201, '利川市', '2', 2612);
INSERT INTO `city_info` VALUES (261202, '建始县', '2', 2612);
INSERT INTO `city_info` VALUES (261203, '巴东县', '2', 2612);
INSERT INTO `city_info` VALUES (261204, '宣恩县', '2', 2612);
INSERT INTO `city_info` VALUES (261205, '咸丰县', '2', 2612);
INSERT INTO `city_info` VALUES (261206, '来凤县', '2', 2612);
INSERT INTO `city_info` VALUES (261207, '鹤峰县', '2', 2612);
INSERT INTO `city_info` VALUES (261300, '仙桃', '2', 2613);
INSERT INTO `city_info` VALUES (261400, '潜江', '2', 2614);
INSERT INTO `city_info` VALUES (261500, '天门', '2', 2615);
INSERT INTO `city_info` VALUES (261600, '神农架', '2', 2616);
INSERT INTO `city_info` VALUES (270000, '芙蓉区', '2', 2700);
INSERT INTO `city_info` VALUES (270001, '天心区', '2', 2700);
INSERT INTO `city_info` VALUES (270002, '岳麓区', '2', 2700);
INSERT INTO `city_info` VALUES (270003, '开福区', '2', 2700);
INSERT INTO `city_info` VALUES (270004, '雨花区', '2', 2700);
INSERT INTO `city_info` VALUES (270005, '长沙县', '2', 2700);
INSERT INTO `city_info` VALUES (270006, '望城县', '2', 2700);
INSERT INTO `city_info` VALUES (270007, '宁乡县', '2', 2700);
INSERT INTO `city_info` VALUES (270008, '浏阳市', '2', 2700);
INSERT INTO `city_info` VALUES (270100, '荷塘区', '2', 2701);
INSERT INTO `city_info` VALUES (270101, '芦淞区', '2', 2701);
INSERT INTO `city_info` VALUES (270102, '石峰区', '2', 2701);
INSERT INTO `city_info` VALUES (270103, '天元区', '2', 2701);
INSERT INTO `city_info` VALUES (270104, '株洲县', '2', 2701);
INSERT INTO `city_info` VALUES (270105, '攸县', '2', 2701);
INSERT INTO `city_info` VALUES (270106, '茶陵县', '2', 2701);
INSERT INTO `city_info` VALUES (270107, '炎陵县', '2', 2701);
INSERT INTO `city_info` VALUES (270108, '醴陵市', '2', 2701);
INSERT INTO `city_info` VALUES (270200, '雨湖区', '2', 2702);
INSERT INTO `city_info` VALUES (270201, '岳塘区', '2', 2702);
INSERT INTO `city_info` VALUES (270202, '湘潭县', '2', 2702);
INSERT INTO `city_info` VALUES (270203, '湘乡市', '2', 2702);
INSERT INTO `city_info` VALUES (270204, '韶山市', '2', 2702);
INSERT INTO `city_info` VALUES (270300, '珠晖区', '2', 2703);
INSERT INTO `city_info` VALUES (270301, '雁峰区', '2', 2703);
INSERT INTO `city_info` VALUES (270302, '石鼓区', '2', 2703);
INSERT INTO `city_info` VALUES (270303, '蒸湘区', '2', 2703);
INSERT INTO `city_info` VALUES (270304, '南岳区', '2', 2703);
INSERT INTO `city_info` VALUES (270305, '衡阳县', '2', 2703);
INSERT INTO `city_info` VALUES (270306, '衡南县', '2', 2703);
INSERT INTO `city_info` VALUES (270307, '衡山县', '2', 2703);
INSERT INTO `city_info` VALUES (270308, '衡东县', '2', 2703);
INSERT INTO `city_info` VALUES (270309, '祁东县', '2', 2703);
INSERT INTO `city_info` VALUES (270310, '耒阳市', '2', 2703);
INSERT INTO `city_info` VALUES (270311, '常宁市', '2', 2703);
INSERT INTO `city_info` VALUES (270400, '双清区', '2', 2704);
INSERT INTO `city_info` VALUES (270401, '大祥区', '2', 2704);
INSERT INTO `city_info` VALUES (270402, '北塔区', '2', 2704);
INSERT INTO `city_info` VALUES (270403, '邵东县', '2', 2704);
INSERT INTO `city_info` VALUES (270404, '新邵县', '2', 2704);
INSERT INTO `city_info` VALUES (270405, '邵阳县', '2', 2704);
INSERT INTO `city_info` VALUES (270406, '隆回县', '2', 2704);
INSERT INTO `city_info` VALUES (270407, '洞口县', '2', 2704);
INSERT INTO `city_info` VALUES (270408, '绥宁县', '2', 2704);
INSERT INTO `city_info` VALUES (270409, '新宁县', '2', 2704);
INSERT INTO `city_info` VALUES (270410, '城步苗族自治县', '2', 2704);
INSERT INTO `city_info` VALUES (270411, '武冈市', '2', 2704);
INSERT INTO `city_info` VALUES (270500, '岳阳楼区', '2', 2705);
INSERT INTO `city_info` VALUES (270501, '云溪区', '2', 2705);
INSERT INTO `city_info` VALUES (270502, '君山区', '2', 2705);
INSERT INTO `city_info` VALUES (270503, '岳阳县', '2', 2705);
INSERT INTO `city_info` VALUES (270504, '华容县', '2', 2705);
INSERT INTO `city_info` VALUES (270505, '湘阴县', '2', 2705);
INSERT INTO `city_info` VALUES (270506, '平江县', '2', 2705);
INSERT INTO `city_info` VALUES (270507, '汨罗市', '2', 2705);
INSERT INTO `city_info` VALUES (270508, '临湘市', '2', 2705);
INSERT INTO `city_info` VALUES (270600, '武陵区', '2', 2706);
INSERT INTO `city_info` VALUES (270601, '鼎城区', '2', 2706);
INSERT INTO `city_info` VALUES (270602, '安乡县', '2', 2706);
INSERT INTO `city_info` VALUES (270603, '汉寿县', '2', 2706);
INSERT INTO `city_info` VALUES (270604, '澧县', '2', 2706);
INSERT INTO `city_info` VALUES (270605, '临澧县', '2', 2706);
INSERT INTO `city_info` VALUES (270606, '桃源县', '2', 2706);
INSERT INTO `city_info` VALUES (270607, '石门县', '2', 2706);
INSERT INTO `city_info` VALUES (270608, '津市市', '2', 2706);
INSERT INTO `city_info` VALUES (270700, '永定区', '2', 2707);
INSERT INTO `city_info` VALUES (270701, '武陵源区', '2', 2707);
INSERT INTO `city_info` VALUES (270702, '慈利县', '2', 2707);
INSERT INTO `city_info` VALUES (270703, '桑植县', '2', 2707);
INSERT INTO `city_info` VALUES (270800, '资阳区', '2', 2708);
INSERT INTO `city_info` VALUES (270801, '赫山区', '2', 2708);
INSERT INTO `city_info` VALUES (270802, '南县', '2', 2708);
INSERT INTO `city_info` VALUES (270803, '桃江县', '2', 2708);
INSERT INTO `city_info` VALUES (270804, '安化县', '2', 2708);
INSERT INTO `city_info` VALUES (270805, '沅江市', '2', 2708);
INSERT INTO `city_info` VALUES (270900, '北湖区', '2', 2709);
INSERT INTO `city_info` VALUES (270901, '苏仙区', '2', 2709);
INSERT INTO `city_info` VALUES (270902, '桂阳县', '2', 2709);
INSERT INTO `city_info` VALUES (270903, '宜章县', '2', 2709);
INSERT INTO `city_info` VALUES (270904, '永兴县', '2', 2709);
INSERT INTO `city_info` VALUES (270905, '嘉禾县', '2', 2709);
INSERT INTO `city_info` VALUES (270906, '临武县', '2', 2709);
INSERT INTO `city_info` VALUES (270907, '汝城县', '2', 2709);
INSERT INTO `city_info` VALUES (270908, '桂东县', '2', 2709);
INSERT INTO `city_info` VALUES (270909, '安仁县', '2', 2709);
INSERT INTO `city_info` VALUES (270910, '资兴市', '2', 2709);
INSERT INTO `city_info` VALUES (271000, '零陵区', '2', 2710);
INSERT INTO `city_info` VALUES (271001, '冷水滩区', '2', 2710);
INSERT INTO `city_info` VALUES (271002, '祁阳县', '2', 2710);
INSERT INTO `city_info` VALUES (271003, '东安县', '2', 2710);
INSERT INTO `city_info` VALUES (271004, '双牌县', '2', 2710);
INSERT INTO `city_info` VALUES (271005, '道县', '2', 2710);
INSERT INTO `city_info` VALUES (271006, '江永县', '2', 2710);
INSERT INTO `city_info` VALUES (271007, '宁远县', '2', 2710);
INSERT INTO `city_info` VALUES (271008, '蓝山县', '2', 2710);
INSERT INTO `city_info` VALUES (271009, '新田县', '2', 2710);
INSERT INTO `city_info` VALUES (271010, '江华瑶族自治县', '2', 2710);
INSERT INTO `city_info` VALUES (271100, '鹤城区', '2', 2711);
INSERT INTO `city_info` VALUES (271101, '中方县', '2', 2711);
INSERT INTO `city_info` VALUES (271102, '沅陵县', '2', 2711);
INSERT INTO `city_info` VALUES (271103, '辰溪县', '2', 2711);
INSERT INTO `city_info` VALUES (271104, '溆浦县', '2', 2711);
INSERT INTO `city_info` VALUES (271105, '会同县', '2', 2711);
INSERT INTO `city_info` VALUES (271106, '麻阳苗族自治县', '2', 2711);
INSERT INTO `city_info` VALUES (271107, '新晃侗族自治县', '2', 2711);
INSERT INTO `city_info` VALUES (271108, '芷江侗族自治县', '2', 2711);
INSERT INTO `city_info` VALUES (271109, '靖州苗族侗族自治县', '2', 2711);
INSERT INTO `city_info` VALUES (271110, '通道侗族自治县', '2', 2711);
INSERT INTO `city_info` VALUES (271111, '洪江市', '2', 2711);
INSERT INTO `city_info` VALUES (271200, '娄星区', '2', 2712);
INSERT INTO `city_info` VALUES (271201, '双峰县', '2', 2712);
INSERT INTO `city_info` VALUES (271202, '新化县', '2', 2712);
INSERT INTO `city_info` VALUES (271203, '冷水江市', '2', 2712);
INSERT INTO `city_info` VALUES (271204, '涟源市', '2', 2712);
INSERT INTO `city_info` VALUES (271300, '吉首市', '2', 2713);
INSERT INTO `city_info` VALUES (271301, '泸溪县', '2', 2713);
INSERT INTO `city_info` VALUES (271302, '凤凰县', '2', 2713);
INSERT INTO `city_info` VALUES (271303, '花垣县', '2', 2713);
INSERT INTO `city_info` VALUES (271304, '保靖县', '2', 2713);
INSERT INTO `city_info` VALUES (271305, '古丈县', '2', 2713);
INSERT INTO `city_info` VALUES (271306, '永顺县', '2', 2713);
INSERT INTO `city_info` VALUES (271307, '龙山县', '2', 2713);
INSERT INTO `city_info` VALUES (280000, '荔湾区', '2', 2800);
INSERT INTO `city_info` VALUES (280001, '越秀区', '2', 2800);
INSERT INTO `city_info` VALUES (280002, '海珠区', '2', 2800);
INSERT INTO `city_info` VALUES (280003, '天河区', '2', 2800);
INSERT INTO `city_info` VALUES (280004, '白云区', '2', 2800);
INSERT INTO `city_info` VALUES (280005, '黄埔区', '2', 2800);
INSERT INTO `city_info` VALUES (280006, '番禺区', '2', 2800);
INSERT INTO `city_info` VALUES (280007, '花都区', '2', 2800);
INSERT INTO `city_info` VALUES (280008, '南沙区', '2', 2800);
INSERT INTO `city_info` VALUES (280009, '萝岗区', '2', 2800);
INSERT INTO `city_info` VALUES (280010, '增城市', '2', 2800);
INSERT INTO `city_info` VALUES (280011, '从化市', '2', 2800);
INSERT INTO `city_info` VALUES (280100, '武江区', '2', 2801);
INSERT INTO `city_info` VALUES (280101, '浈江区', '2', 2801);
INSERT INTO `city_info` VALUES (280102, '曲江区', '2', 2801);
INSERT INTO `city_info` VALUES (280103, '始兴县', '2', 2801);
INSERT INTO `city_info` VALUES (280104, '仁化县', '2', 2801);
INSERT INTO `city_info` VALUES (280105, '翁源县', '2', 2801);
INSERT INTO `city_info` VALUES (280106, '乳源瑶族自治县', '2', 2801);
INSERT INTO `city_info` VALUES (280107, '新丰县', '2', 2801);
INSERT INTO `city_info` VALUES (280108, '乐昌市', '2', 2801);
INSERT INTO `city_info` VALUES (280109, '南雄市', '2', 2801);
INSERT INTO `city_info` VALUES (280200, '罗湖区', '2', 2802);
INSERT INTO `city_info` VALUES (280201, '福田区', '2', 2802);
INSERT INTO `city_info` VALUES (280202, '南山区', '2', 2802);
INSERT INTO `city_info` VALUES (280203, '宝安区', '2', 2802);
INSERT INTO `city_info` VALUES (280204, '龙岗区', '2', 2802);
INSERT INTO `city_info` VALUES (280205, '盐田区', '2', 2802);
INSERT INTO `city_info` VALUES (280300, '香洲区', '2', 2803);
INSERT INTO `city_info` VALUES (280301, '斗门区', '2', 2803);
INSERT INTO `city_info` VALUES (280302, '金湾区', '2', 2803);
INSERT INTO `city_info` VALUES (280400, '龙湖区', '2', 2804);
INSERT INTO `city_info` VALUES (280401, '金平区', '2', 2804);
INSERT INTO `city_info` VALUES (280402, '濠江区', '2', 2804);
INSERT INTO `city_info` VALUES (280403, '潮阳区', '2', 2804);
INSERT INTO `city_info` VALUES (280404, '潮南区', '2', 2804);
INSERT INTO `city_info` VALUES (280405, '澄海区', '2', 2804);
INSERT INTO `city_info` VALUES (280406, '南澳县', '2', 2804);
INSERT INTO `city_info` VALUES (280500, '禅城区', '2', 2805);
INSERT INTO `city_info` VALUES (280501, '南海区', '2', 2805);
INSERT INTO `city_info` VALUES (280502, '顺德区', '2', 2805);
INSERT INTO `city_info` VALUES (280503, '三水区', '2', 2805);
INSERT INTO `city_info` VALUES (280504, '高明区', '2', 2805);
INSERT INTO `city_info` VALUES (280600, '蓬江区', '2', 2806);
INSERT INTO `city_info` VALUES (280601, '江海区', '2', 2806);
INSERT INTO `city_info` VALUES (280602, '新会区', '2', 2806);
INSERT INTO `city_info` VALUES (280603, '台山市', '2', 2806);
INSERT INTO `city_info` VALUES (280604, '开平市', '2', 2806);
INSERT INTO `city_info` VALUES (280605, '鹤山市', '2', 2806);
INSERT INTO `city_info` VALUES (280606, '恩平市', '2', 2806);
INSERT INTO `city_info` VALUES (280700, '赤坎区', '2', 2807);
INSERT INTO `city_info` VALUES (280701, '霞山区', '2', 2807);
INSERT INTO `city_info` VALUES (280702, '坡头区', '2', 2807);
INSERT INTO `city_info` VALUES (280703, '麻章区', '2', 2807);
INSERT INTO `city_info` VALUES (280704, '遂溪县', '2', 2807);
INSERT INTO `city_info` VALUES (280705, '徐闻县', '2', 2807);
INSERT INTO `city_info` VALUES (280706, '廉江市', '2', 2807);
INSERT INTO `city_info` VALUES (280707, '雷州市', '2', 2807);
INSERT INTO `city_info` VALUES (280708, '吴川市', '2', 2807);
INSERT INTO `city_info` VALUES (280800, '茂南区', '2', 2808);
INSERT INTO `city_info` VALUES (280801, '茂港区', '2', 2808);
INSERT INTO `city_info` VALUES (280802, '电白县', '2', 2808);
INSERT INTO `city_info` VALUES (280803, '高州市', '2', 2808);
INSERT INTO `city_info` VALUES (280804, '化州市', '2', 2808);
INSERT INTO `city_info` VALUES (280805, '信宜市', '2', 2808);
INSERT INTO `city_info` VALUES (280900, '端州区', '2', 2809);
INSERT INTO `city_info` VALUES (280901, '鼎湖区', '2', 2809);
INSERT INTO `city_info` VALUES (280902, '广宁县', '2', 2809);
INSERT INTO `city_info` VALUES (280903, '怀集县', '2', 2809);
INSERT INTO `city_info` VALUES (280904, '封开县', '2', 2809);
INSERT INTO `city_info` VALUES (280905, '德庆县', '2', 2809);
INSERT INTO `city_info` VALUES (280906, '高要市', '2', 2809);
INSERT INTO `city_info` VALUES (280907, '四会市', '2', 2809);
INSERT INTO `city_info` VALUES (281000, '惠城区', '2', 2810);
INSERT INTO `city_info` VALUES (281001, '惠阳区', '2', 2810);
INSERT INTO `city_info` VALUES (281002, '博罗县', '2', 2810);
INSERT INTO `city_info` VALUES (281003, '惠东县', '2', 2810);
INSERT INTO `city_info` VALUES (281004, '龙门县', '2', 2810);
INSERT INTO `city_info` VALUES (281100, '梅江区', '2', 2811);
INSERT INTO `city_info` VALUES (281101, '梅县', '2', 2811);
INSERT INTO `city_info` VALUES (281102, '大埔县', '2', 2811);
INSERT INTO `city_info` VALUES (281103, '丰顺县', '2', 2811);
INSERT INTO `city_info` VALUES (281104, '五华县', '2', 2811);
INSERT INTO `city_info` VALUES (281105, '平远县', '2', 2811);
INSERT INTO `city_info` VALUES (281106, '蕉岭县', '2', 2811);
INSERT INTO `city_info` VALUES (281107, '兴宁市', '2', 2811);
INSERT INTO `city_info` VALUES (281200, '城区', '2', 2812);
INSERT INTO `city_info` VALUES (281201, '海丰县', '2', 2812);
INSERT INTO `city_info` VALUES (281202, '陆河县', '2', 2812);
INSERT INTO `city_info` VALUES (281203, '陆丰市', '2', 2812);
INSERT INTO `city_info` VALUES (281300, '源城区', '2', 2813);
INSERT INTO `city_info` VALUES (281301, '紫金县', '2', 2813);
INSERT INTO `city_info` VALUES (281302, '龙川县', '2', 2813);
INSERT INTO `city_info` VALUES (281303, '连平县', '2', 2813);
INSERT INTO `city_info` VALUES (281304, '和平县', '2', 2813);
INSERT INTO `city_info` VALUES (281305, '东源县', '2', 2813);
INSERT INTO `city_info` VALUES (281400, '江城区', '2', 2814);
INSERT INTO `city_info` VALUES (281401, '阳西县', '2', 2814);
INSERT INTO `city_info` VALUES (281402, '阳东县', '2', 2814);
INSERT INTO `city_info` VALUES (281403, '阳春市', '2', 2814);
INSERT INTO `city_info` VALUES (281500, '清城区', '2', 2815);
INSERT INTO `city_info` VALUES (281501, '佛冈县', '2', 2815);
INSERT INTO `city_info` VALUES (281502, '阳山县', '2', 2815);
INSERT INTO `city_info` VALUES (281503, '连山壮族瑶族自治县', '2', 2815);
INSERT INTO `city_info` VALUES (281504, '连南瑶族自治县', '2', 2815);
INSERT INTO `city_info` VALUES (281505, '清新县', '2', 2815);
INSERT INTO `city_info` VALUES (281506, '英德市', '2', 2815);
INSERT INTO `city_info` VALUES (281507, '连州市', '2', 2815);
INSERT INTO `city_info` VALUES (281600, '东莞市', '2', 2816);
INSERT INTO `city_info` VALUES (281700, '中山市', '2', 2817);
INSERT INTO `city_info` VALUES (281800, '湘桥区', '2', 2818);
INSERT INTO `city_info` VALUES (281801, '潮安县', '2', 2818);
INSERT INTO `city_info` VALUES (281802, '饶平县', '2', 2818);
INSERT INTO `city_info` VALUES (281900, '榕城区', '2', 2819);
INSERT INTO `city_info` VALUES (281901, '揭东县', '2', 2819);
INSERT INTO `city_info` VALUES (281902, '揭西县', '2', 2819);
INSERT INTO `city_info` VALUES (281903, '惠来县', '2', 2819);
INSERT INTO `city_info` VALUES (281904, '普宁市', '2', 2819);
INSERT INTO `city_info` VALUES (282000, '云城区', '2', 2820);
INSERT INTO `city_info` VALUES (282001, '新兴县', '2', 2820);
INSERT INTO `city_info` VALUES (282002, '郁南县', '2', 2820);
INSERT INTO `city_info` VALUES (282003, '云安县', '2', 2820);
INSERT INTO `city_info` VALUES (282004, '罗定市', '2', 2820);
INSERT INTO `city_info` VALUES (290000, '兴宁区', '2', 2900);
INSERT INTO `city_info` VALUES (290001, '青秀区', '2', 2900);
INSERT INTO `city_info` VALUES (290002, '江南区', '2', 2900);
INSERT INTO `city_info` VALUES (290003, '西乡塘区', '2', 2900);
INSERT INTO `city_info` VALUES (290004, '良庆区', '2', 2900);
INSERT INTO `city_info` VALUES (290005, '邕宁区', '2', 2900);
INSERT INTO `city_info` VALUES (290006, '武鸣县', '2', 2900);
INSERT INTO `city_info` VALUES (290007, '隆安县', '2', 2900);
INSERT INTO `city_info` VALUES (290008, '马山县', '2', 2900);
INSERT INTO `city_info` VALUES (290009, '上林县', '2', 2900);
INSERT INTO `city_info` VALUES (290010, '宾阳县', '2', 2900);
INSERT INTO `city_info` VALUES (290011, '横县', '2', 2900);
INSERT INTO `city_info` VALUES (290100, '城中区', '2', 2901);
INSERT INTO `city_info` VALUES (290101, '鱼峰区', '2', 2901);
INSERT INTO `city_info` VALUES (290102, '柳南区', '2', 2901);
INSERT INTO `city_info` VALUES (290103, '柳北区', '2', 2901);
INSERT INTO `city_info` VALUES (290104, '柳江县', '2', 2901);
INSERT INTO `city_info` VALUES (290105, '柳城县', '2', 2901);
INSERT INTO `city_info` VALUES (290106, '鹿寨县', '2', 2901);
INSERT INTO `city_info` VALUES (290107, '融安县', '2', 2901);
INSERT INTO `city_info` VALUES (290108, '融水苗族自治县', '2', 2901);
INSERT INTO `city_info` VALUES (290109, '三江侗族自治县', '2', 2901);
INSERT INTO `city_info` VALUES (290200, '秀峰区', '2', 2902);
INSERT INTO `city_info` VALUES (290201, '叠彩区', '2', 2902);
INSERT INTO `city_info` VALUES (290202, '象山区', '2', 2902);
INSERT INTO `city_info` VALUES (290203, '七星区', '2', 2902);
INSERT INTO `city_info` VALUES (290204, '雁山区', '2', 2902);
INSERT INTO `city_info` VALUES (290205, '阳朔县', '2', 2902);
INSERT INTO `city_info` VALUES (290206, '临桂县', '2', 2902);
INSERT INTO `city_info` VALUES (290207, '灵川县', '2', 2902);
INSERT INTO `city_info` VALUES (290208, '全州县', '2', 2902);
INSERT INTO `city_info` VALUES (290209, '兴安县', '2', 2902);
INSERT INTO `city_info` VALUES (290210, '永福县', '2', 2902);
INSERT INTO `city_info` VALUES (290211, '灌阳县', '2', 2902);
INSERT INTO `city_info` VALUES (290212, '龙胜各族自治县', '2', 2902);
INSERT INTO `city_info` VALUES (290213, '资源县', '2', 2902);
INSERT INTO `city_info` VALUES (290214, '平乐县', '2', 2902);
INSERT INTO `city_info` VALUES (290215, '荔蒲县', '2', 2902);
INSERT INTO `city_info` VALUES (290216, '恭城瑶族自治县', '2', 2902);
INSERT INTO `city_info` VALUES (290300, '万秀区', '2', 2903);
INSERT INTO `city_info` VALUES (290301, '蝶山区', '2', 2903);
INSERT INTO `city_info` VALUES (290302, '长洲区', '2', 2903);
INSERT INTO `city_info` VALUES (290303, '苍梧县', '2', 2903);
INSERT INTO `city_info` VALUES (290304, '藤县', '2', 2903);
INSERT INTO `city_info` VALUES (290305, '蒙山县', '2', 2903);
INSERT INTO `city_info` VALUES (290306, '岑溪市', '2', 2903);
INSERT INTO `city_info` VALUES (290400, '海城区', '2', 2904);
INSERT INTO `city_info` VALUES (290401, '银海区', '2', 2904);
INSERT INTO `city_info` VALUES (290402, '铁山港区', '2', 2904);
INSERT INTO `city_info` VALUES (290403, '合浦县', '2', 2904);
INSERT INTO `city_info` VALUES (290500, '港口区', '2', 2905);
INSERT INTO `city_info` VALUES (290501, '防城区', '2', 2905);
INSERT INTO `city_info` VALUES (290502, '上思县', '2', 2905);
INSERT INTO `city_info` VALUES (290503, '东兴市', '2', 2905);
INSERT INTO `city_info` VALUES (290600, '钦南区', '2', 2906);
INSERT INTO `city_info` VALUES (290601, '钦北区', '2', 2906);
INSERT INTO `city_info` VALUES (290602, '灵山县', '2', 2906);
INSERT INTO `city_info` VALUES (290603, '浦北县', '2', 2906);
INSERT INTO `city_info` VALUES (290700, '港北区', '2', 2907);
INSERT INTO `city_info` VALUES (290701, '港南区', '2', 2907);
INSERT INTO `city_info` VALUES (290702, '覃塘区', '2', 2907);
INSERT INTO `city_info` VALUES (290703, '平南县', '2', 2907);
INSERT INTO `city_info` VALUES (290704, '桂平市', '2', 2907);
INSERT INTO `city_info` VALUES (290800, '玉州区', '2', 2908);
INSERT INTO `city_info` VALUES (290801, '容县', '2', 2908);
INSERT INTO `city_info` VALUES (290802, '陆川县', '2', 2908);
INSERT INTO `city_info` VALUES (290803, '博白县', '2', 2908);
INSERT INTO `city_info` VALUES (290804, '兴业县', '2', 2908);
INSERT INTO `city_info` VALUES (290805, '北流市', '2', 2908);
INSERT INTO `city_info` VALUES (290900, '右江区', '2', 2909);
INSERT INTO `city_info` VALUES (290901, '田阳县', '2', 2909);
INSERT INTO `city_info` VALUES (290902, '田东县', '2', 2909);
INSERT INTO `city_info` VALUES (290903, '平果县', '2', 2909);
INSERT INTO `city_info` VALUES (290904, '德保县', '2', 2909);
INSERT INTO `city_info` VALUES (290905, '靖西县', '2', 2909);
INSERT INTO `city_info` VALUES (290906, '那坡县', '2', 2909);
INSERT INTO `city_info` VALUES (290907, '凌云县', '2', 2909);
INSERT INTO `city_info` VALUES (290908, '乐业县', '2', 2909);
INSERT INTO `city_info` VALUES (290909, '田林县', '2', 2909);
INSERT INTO `city_info` VALUES (290910, '西林县', '2', 2909);
INSERT INTO `city_info` VALUES (290911, '隆林各族自治县', '2', 2909);
INSERT INTO `city_info` VALUES (291000, '八步区', '2', 2910);
INSERT INTO `city_info` VALUES (291001, '昭平县', '2', 2910);
INSERT INTO `city_info` VALUES (291002, '钟山县', '2', 2910);
INSERT INTO `city_info` VALUES (291003, '富川瑶族自治县', '2', 2910);
INSERT INTO `city_info` VALUES (291100, '金城江区', '2', 2911);
INSERT INTO `city_info` VALUES (291101, '南丹县', '2', 2911);
INSERT INTO `city_info` VALUES (291102, '天峨县', '2', 2911);
INSERT INTO `city_info` VALUES (291103, '凤山县', '2', 2911);
INSERT INTO `city_info` VALUES (291104, '东兰县', '2', 2911);
INSERT INTO `city_info` VALUES (291105, '罗城仫佬族自治县', '2', 2911);
INSERT INTO `city_info` VALUES (291106, '环江毛南族自治县', '2', 2911);
INSERT INTO `city_info` VALUES (291107, '巴马瑶族自治县', '2', 2911);
INSERT INTO `city_info` VALUES (291108, '都安瑶族自治县', '2', 2911);
INSERT INTO `city_info` VALUES (291109, '大化瑶族自治县', '2', 2911);
INSERT INTO `city_info` VALUES (291110, '宜州市', '2', 2911);
INSERT INTO `city_info` VALUES (291200, '兴宾区', '2', 2912);
INSERT INTO `city_info` VALUES (291201, '忻城县', '2', 2912);
INSERT INTO `city_info` VALUES (291202, '象州县', '2', 2912);
INSERT INTO `city_info` VALUES (291203, '武宣县', '2', 2912);
INSERT INTO `city_info` VALUES (291204, '金秀瑶族自治县', '2', 2912);
INSERT INTO `city_info` VALUES (291205, '合山市', '2', 2912);
INSERT INTO `city_info` VALUES (291300, '江洲区', '2', 2913);
INSERT INTO `city_info` VALUES (291301, '扶绥县', '2', 2913);
INSERT INTO `city_info` VALUES (291302, '宁明县', '2', 2913);
INSERT INTO `city_info` VALUES (291303, '龙州县', '2', 2913);
INSERT INTO `city_info` VALUES (291304, '大新县', '2', 2913);
INSERT INTO `city_info` VALUES (291305, '天等县', '2', 2913);
INSERT INTO `city_info` VALUES (291306, '凭祥市', '2', 2913);
INSERT INTO `city_info` VALUES (300000, '秀英区', '2', 3000);
INSERT INTO `city_info` VALUES (300001, '龙华区', '2', 3000);
INSERT INTO `city_info` VALUES (300002, '琼山区', '2', 3000);
INSERT INTO `city_info` VALUES (300003, '美兰区', '2', 3000);
INSERT INTO `city_info` VALUES (300100, '三亚市', '2', 3001);
INSERT INTO `city_info` VALUES (300200, '五指山', '2', 3002);
INSERT INTO `city_info` VALUES (300300, '琼海', '2', 3003);
INSERT INTO `city_info` VALUES (300400, '儋州', '2', 3004);
INSERT INTO `city_info` VALUES (300500, '文昌', '2', 3005);
INSERT INTO `city_info` VALUES (300600, '万宁', '2', 3006);
INSERT INTO `city_info` VALUES (300700, '东方', '2', 3007);
INSERT INTO `city_info` VALUES (310000, '万州区', '2', 3100);
INSERT INTO `city_info` VALUES (310001, '涪陵区', '2', 3100);
INSERT INTO `city_info` VALUES (310002, '渝中区', '2', 3100);
INSERT INTO `city_info` VALUES (310003, '大渡口区', '2', 3100);
INSERT INTO `city_info` VALUES (310004, '江北区', '2', 3100);
INSERT INTO `city_info` VALUES (310005, '沙坪坝区', '2', 3100);
INSERT INTO `city_info` VALUES (310006, '九龙坡区', '2', 3100);
INSERT INTO `city_info` VALUES (310007, '南岸区', '2', 3100);
INSERT INTO `city_info` VALUES (310008, '北碚区', '2', 3100);
INSERT INTO `city_info` VALUES (310009, '万盛区', '2', 3100);
INSERT INTO `city_info` VALUES (310010, '双挢区', '2', 3100);
INSERT INTO `city_info` VALUES (310011, '渝北区', '2', 3100);
INSERT INTO `city_info` VALUES (310012, '巴南区', '2', 3100);
INSERT INTO `city_info` VALUES (310013, '长寿区', '2', 3100);
INSERT INTO `city_info` VALUES (310014, '綦江县', '2', 3100);
INSERT INTO `city_info` VALUES (310015, '潼南县', '2', 3100);
INSERT INTO `city_info` VALUES (310016, '铜梁县', '2', 3100);
INSERT INTO `city_info` VALUES (310017, '大足县', '2', 3100);
INSERT INTO `city_info` VALUES (310018, '荣昌县', '2', 3100);
INSERT INTO `city_info` VALUES (310019, '壁山县', '2', 3100);
INSERT INTO `city_info` VALUES (310020, '梁平县', '2', 3100);
INSERT INTO `city_info` VALUES (310021, '城口县', '2', 3100);
INSERT INTO `city_info` VALUES (310022, '丰都县', '2', 3100);
INSERT INTO `city_info` VALUES (310023, '垫江县', '2', 3100);
INSERT INTO `city_info` VALUES (310024, '武隆县', '2', 3100);
INSERT INTO `city_info` VALUES (310025, '忠县', '2', 3100);
INSERT INTO `city_info` VALUES (310026, '开县', '2', 3100);
INSERT INTO `city_info` VALUES (310027, '云阳县', '2', 3100);
INSERT INTO `city_info` VALUES (310028, '奉节县', '2', 3100);
INSERT INTO `city_info` VALUES (310029, '巫山县', '2', 3100);
INSERT INTO `city_info` VALUES (310030, '巫溪县', '2', 3100);
INSERT INTO `city_info` VALUES (310031, '黔江区', '2', 3100);
INSERT INTO `city_info` VALUES (310032, '石柱土家族自治县', '2', 3100);
INSERT INTO `city_info` VALUES (310033, '秀山土家族苗族自治县', '2', 3100);
INSERT INTO `city_info` VALUES (310034, '酉阳土家族苗族自治县', '2', 3100);
INSERT INTO `city_info` VALUES (310035, '彭水苗族土家族自治县', '2', 3100);
INSERT INTO `city_info` VALUES (310036, '江津区', '2', 3100);
INSERT INTO `city_info` VALUES (310037, '合川区', '2', 3100);
INSERT INTO `city_info` VALUES (310038, '永川区', '2', 3100);
INSERT INTO `city_info` VALUES (310039, '南川区', '2', 3100);
INSERT INTO `city_info` VALUES (320000, '锦江区', '2', 3200);
INSERT INTO `city_info` VALUES (320001, '青羊区', '2', 3200);
INSERT INTO `city_info` VALUES (320002, '金牛区', '2', 3200);
INSERT INTO `city_info` VALUES (320003, '武侯区', '2', 3200);
INSERT INTO `city_info` VALUES (320004, '成华区', '2', 3200);
INSERT INTO `city_info` VALUES (320005, '龙泉驿区', '2', 3200);
INSERT INTO `city_info` VALUES (320006, '青白江区', '2', 3200);
INSERT INTO `city_info` VALUES (320007, '新都区', '2', 3200);
INSERT INTO `city_info` VALUES (320008, '温江区', '2', 3200);
INSERT INTO `city_info` VALUES (320009, '金堂县', '2', 3200);
INSERT INTO `city_info` VALUES (320010, '双流县', '2', 3200);
INSERT INTO `city_info` VALUES (320011, '郫县', '2', 3200);
INSERT INTO `city_info` VALUES (320012, '大邑县', '2', 3200);
INSERT INTO `city_info` VALUES (320013, '蒲江县', '2', 3200);
INSERT INTO `city_info` VALUES (320014, '新津县', '2', 3200);
INSERT INTO `city_info` VALUES (320015, '都江堰市', '2', 3200);
INSERT INTO `city_info` VALUES (320016, '彭州市', '2', 3200);
INSERT INTO `city_info` VALUES (320017, '邛崃市', '2', 3200);
INSERT INTO `city_info` VALUES (320018, '崇州市', '2', 3200);
INSERT INTO `city_info` VALUES (320100, '自流井区', '2', 3201);
INSERT INTO `city_info` VALUES (320101, '贡井区', '2', 3201);
INSERT INTO `city_info` VALUES (320102, '大安区', '2', 3201);
INSERT INTO `city_info` VALUES (320103, '沿滩区', '2', 3201);
INSERT INTO `city_info` VALUES (320104, '荣县', '2', 3201);
INSERT INTO `city_info` VALUES (320105, '富顺县', '2', 3201);
INSERT INTO `city_info` VALUES (320200, '东区', '2', 3202);
INSERT INTO `city_info` VALUES (320201, '西区', '2', 3202);
INSERT INTO `city_info` VALUES (320202, '仁和区', '2', 3202);
INSERT INTO `city_info` VALUES (320203, '米易县', '2', 3202);
INSERT INTO `city_info` VALUES (320204, '盐边县', '2', 3202);
INSERT INTO `city_info` VALUES (320300, '江阳区', '2', 3203);
INSERT INTO `city_info` VALUES (320301, '纳溪区', '2', 3203);
INSERT INTO `city_info` VALUES (320302, '龙马潭区', '2', 3203);
INSERT INTO `city_info` VALUES (320303, '泸县', '2', 3203);
INSERT INTO `city_info` VALUES (320304, '合江县', '2', 3203);
INSERT INTO `city_info` VALUES (320305, '叙永县', '2', 3203);
INSERT INTO `city_info` VALUES (320306, '古蔺县', '2', 3203);
INSERT INTO `city_info` VALUES (320400, '旌阳区', '2', 3204);
INSERT INTO `city_info` VALUES (320401, '中江县', '2', 3204);
INSERT INTO `city_info` VALUES (320402, '罗江县', '2', 3204);
INSERT INTO `city_info` VALUES (320403, '广汉市', '2', 3204);
INSERT INTO `city_info` VALUES (320404, '什邡市', '2', 3204);
INSERT INTO `city_info` VALUES (320405, '绵竹市', '2', 3204);
INSERT INTO `city_info` VALUES (320500, '涪城区', '2', 3205);
INSERT INTO `city_info` VALUES (320501, '游仙区', '2', 3205);
INSERT INTO `city_info` VALUES (320502, '三台县', '2', 3205);
INSERT INTO `city_info` VALUES (320503, '盐亭县', '2', 3205);
INSERT INTO `city_info` VALUES (320504, '安县', '2', 3205);
INSERT INTO `city_info` VALUES (320505, '梓潼县', '2', 3205);
INSERT INTO `city_info` VALUES (320506, '北川羌族自治县', '2', 3205);
INSERT INTO `city_info` VALUES (320507, '平武县', '2', 3205);
INSERT INTO `city_info` VALUES (320508, '江油市', '2', 3205);
INSERT INTO `city_info` VALUES (320600, '利州区', '2', 3206);
INSERT INTO `city_info` VALUES (320601, '元坝区', '2', 3206);
INSERT INTO `city_info` VALUES (320602, '朝天区', '2', 3206);
INSERT INTO `city_info` VALUES (320603, '旺苍县', '2', 3206);
INSERT INTO `city_info` VALUES (320604, '青川县', '2', 3206);
INSERT INTO `city_info` VALUES (320605, '剑阁县', '2', 3206);
INSERT INTO `city_info` VALUES (320606, '苍溪县', '2', 3206);
INSERT INTO `city_info` VALUES (320700, '船山区', '2', 3207);
INSERT INTO `city_info` VALUES (320701, '>安居区', '2', 3207);
INSERT INTO `city_info` VALUES (320702, '>蓬溪县', '2', 3207);
INSERT INTO `city_info` VALUES (320703, '>射洪县', '2', 3207);
INSERT INTO `city_info` VALUES (320704, '>大英县', '2', 3207);
INSERT INTO `city_info` VALUES (320800, '市中区', '2', 3208);
INSERT INTO `city_info` VALUES (320801, '东兴区', '2', 3208);
INSERT INTO `city_info` VALUES (320802, '威远县', '2', 3208);
INSERT INTO `city_info` VALUES (320803, '资中县', '2', 3208);
INSERT INTO `city_info` VALUES (320804, '隆昌县', '2', 3208);
INSERT INTO `city_info` VALUES (320900, '市中区', '2', 3209);
INSERT INTO `city_info` VALUES (320901, '沙湾区', '2', 3209);
INSERT INTO `city_info` VALUES (320902, '五通桥区', '2', 3209);
INSERT INTO `city_info` VALUES (320903, '金口河区', '2', 3209);
INSERT INTO `city_info` VALUES (320904, '犍为县', '2', 3209);
INSERT INTO `city_info` VALUES (320905, '井研县', '2', 3209);
INSERT INTO `city_info` VALUES (320906, '夹江县', '2', 3209);
INSERT INTO `city_info` VALUES (320907, '沐川县', '2', 3209);
INSERT INTO `city_info` VALUES (320908, '峨边彝族自治县', '2', 3209);
INSERT INTO `city_info` VALUES (320909, '马边彝族自治县', '2', 3209);
INSERT INTO `city_info` VALUES (320910, '峨眉山市', '2', 3209);
INSERT INTO `city_info` VALUES (321000, '顺庆区', '2', 3210);
INSERT INTO `city_info` VALUES (321001, '高坪区', '2', 3210);
INSERT INTO `city_info` VALUES (321002, '嘉陵区', '2', 3210);
INSERT INTO `city_info` VALUES (321003, '南部县', '2', 3210);
INSERT INTO `city_info` VALUES (321004, '营山县', '2', 3210);
INSERT INTO `city_info` VALUES (321005, '蓬安县', '2', 3210);
INSERT INTO `city_info` VALUES (321006, '仪陇县', '2', 3210);
INSERT INTO `city_info` VALUES (321007, '西充县', '2', 3210);
INSERT INTO `city_info` VALUES (321008, '阆中市', '2', 3210);
INSERT INTO `city_info` VALUES (321100, '东坡区', '2', 3211);
INSERT INTO `city_info` VALUES (321101, '仁寿县', '2', 3211);
INSERT INTO `city_info` VALUES (321102, '彭山县', '2', 3211);
INSERT INTO `city_info` VALUES (321103, '洪雅县', '2', 3211);
INSERT INTO `city_info` VALUES (321104, '丹棱县', '2', 3211);
INSERT INTO `city_info` VALUES (321105, '青神县', '2', 3211);
INSERT INTO `city_info` VALUES (321200, '翠屏区', '2', 3212);
INSERT INTO `city_info` VALUES (321201, '宜宾县', '2', 3212);
INSERT INTO `city_info` VALUES (321202, '南溪县', '2', 3212);
INSERT INTO `city_info` VALUES (321203, '江安县', '2', 3212);
INSERT INTO `city_info` VALUES (321204, '长宁县', '2', 3212);
INSERT INTO `city_info` VALUES (321205, '高县', '2', 3212);
INSERT INTO `city_info` VALUES (321206, '珙县', '2', 3212);
INSERT INTO `city_info` VALUES (321207, '筠连县', '2', 3212);
INSERT INTO `city_info` VALUES (321208, '兴文县', '2', 3212);
INSERT INTO `city_info` VALUES (321209, '屏山县', '2', 3212);
INSERT INTO `city_info` VALUES (321300, '广安区', '2', 3213);
INSERT INTO `city_info` VALUES (321301, '岳池县', '2', 3213);
INSERT INTO `city_info` VALUES (321302, '武胜县', '2', 3213);
INSERT INTO `city_info` VALUES (321303, '邻水县', '2', 3213);
INSERT INTO `city_info` VALUES (321304, '华蓥市', '2', 3213);
INSERT INTO `city_info` VALUES (321400, '通川区', '2', 3214);
INSERT INTO `city_info` VALUES (321401, '达县', '2', 3214);
INSERT INTO `city_info` VALUES (321402, '宣汉县', '2', 3214);
INSERT INTO `city_info` VALUES (321403, '开江县', '2', 3214);
INSERT INTO `city_info` VALUES (321404, '大竹县', '2', 3214);
INSERT INTO `city_info` VALUES (321405, '渠县', '2', 3214);
INSERT INTO `city_info` VALUES (321406, '万源市', '2', 3214);
INSERT INTO `city_info` VALUES (321500, '雨城区', '2', 3215);
INSERT INTO `city_info` VALUES (321501, '名山县', '2', 3215);
INSERT INTO `city_info` VALUES (321502, '荥经县', '2', 3215);
INSERT INTO `city_info` VALUES (321503, '汉源县', '2', 3215);
INSERT INTO `city_info` VALUES (321504, '石棉县', '2', 3215);
INSERT INTO `city_info` VALUES (321505, '天全县', '2', 3215);
INSERT INTO `city_info` VALUES (321506, '芦山县', '2', 3215);
INSERT INTO `city_info` VALUES (321507, '宝兴县', '2', 3215);
INSERT INTO `city_info` VALUES (321600, '巴州区', '2', 3216);
INSERT INTO `city_info` VALUES (321601, '通江县', '2', 3216);
INSERT INTO `city_info` VALUES (321602, '南江县', '2', 3216);
INSERT INTO `city_info` VALUES (321603, '平昌县', '2', 3216);
INSERT INTO `city_info` VALUES (321700, '雁江区', '2', 3217);
INSERT INTO `city_info` VALUES (321701, '安岳县', '2', 3217);
INSERT INTO `city_info` VALUES (321702, '乐至县', '2', 3217);
INSERT INTO `city_info` VALUES (321703, '简阳市', '2', 3217);
INSERT INTO `city_info` VALUES (321800, '汶川县', '2', 3218);
INSERT INTO `city_info` VALUES (321801, '理县', '2', 3218);
INSERT INTO `city_info` VALUES (321802, '茂县', '2', 3218);
INSERT INTO `city_info` VALUES (321803, '松潘县', '2', 3218);
INSERT INTO `city_info` VALUES (321804, '九寨沟县', '2', 3218);
INSERT INTO `city_info` VALUES (321805, '金川县', '2', 3218);
INSERT INTO `city_info` VALUES (321806, '小金县', '2', 3218);
INSERT INTO `city_info` VALUES (321807, '黑水县', '2', 3218);
INSERT INTO `city_info` VALUES (321808, '马尔康县', '2', 3218);
INSERT INTO `city_info` VALUES (321809, '壤塘县', '2', 3218);
INSERT INTO `city_info` VALUES (321810, '阿坝县', '2', 3218);
INSERT INTO `city_info` VALUES (321811, '若尔盖县', '2', 3218);
INSERT INTO `city_info` VALUES (321812, '红原县', '2', 3218);
INSERT INTO `city_info` VALUES (321900, '康定县', '2', 3219);
INSERT INTO `city_info` VALUES (321901, '泸定县', '2', 3219);
INSERT INTO `city_info` VALUES (321902, '丹巴县', '2', 3219);
INSERT INTO `city_info` VALUES (321903, '九龙县', '2', 3219);
INSERT INTO `city_info` VALUES (321904, '雅江县', '2', 3219);
INSERT INTO `city_info` VALUES (321905, '道孚县', '2', 3219);
INSERT INTO `city_info` VALUES (321906, '炉霍县', '2', 3219);
INSERT INTO `city_info` VALUES (321907, '甘孜县', '2', 3219);
INSERT INTO `city_info` VALUES (321908, '新龙县', '2', 3219);
INSERT INTO `city_info` VALUES (321909, '德格县', '2', 3219);
INSERT INTO `city_info` VALUES (321910, '白玉县', '2', 3219);
INSERT INTO `city_info` VALUES (321911, '石渠县', '2', 3219);
INSERT INTO `city_info` VALUES (321912, '色达县', '2', 3219);
INSERT INTO `city_info` VALUES (321913, '理塘县', '2', 3219);
INSERT INTO `city_info` VALUES (321914, '巴塘县', '2', 3219);
INSERT INTO `city_info` VALUES (321915, '乡城县', '2', 3219);
INSERT INTO `city_info` VALUES (321916, '稻城县', '2', 3219);
INSERT INTO `city_info` VALUES (321917, '得荣县', '2', 3219);
INSERT INTO `city_info` VALUES (322000, '西昌市', '2', 3220);
INSERT INTO `city_info` VALUES (322001, '木里藏族自治县', '2', 3220);
INSERT INTO `city_info` VALUES (322002, '盐源县', '2', 3220);
INSERT INTO `city_info` VALUES (322003, '德昌县', '2', 3220);
INSERT INTO `city_info` VALUES (322004, '会理县', '2', 3220);
INSERT INTO `city_info` VALUES (322005, '会东县', '2', 3220);
INSERT INTO `city_info` VALUES (322006, '宁南县', '2', 3220);
INSERT INTO `city_info` VALUES (322007, '普格县', '2', 3220);
INSERT INTO `city_info` VALUES (322008, '布拖县', '2', 3220);
INSERT INTO `city_info` VALUES (322009, '金阳县', '2', 3220);
INSERT INTO `city_info` VALUES (322010, '昭觉县', '2', 3220);
INSERT INTO `city_info` VALUES (322011, '喜德县', '2', 3220);
INSERT INTO `city_info` VALUES (322012, '冕宁县', '2', 3220);
INSERT INTO `city_info` VALUES (322013, '越西县', '2', 3220);
INSERT INTO `city_info` VALUES (322014, '甘洛县', '2', 3220);
INSERT INTO `city_info` VALUES (322015, '美姑县', '2', 3220);
INSERT INTO `city_info` VALUES (322016, '雷波县', '2', 3220);
INSERT INTO `city_info` VALUES (330000, '南明区', '2', 3300);
INSERT INTO `city_info` VALUES (330001, '云岩区', '2', 3300);
INSERT INTO `city_info` VALUES (330002, '花溪区', '2', 3300);
INSERT INTO `city_info` VALUES (330003, '乌当区', '2', 3300);
INSERT INTO `city_info` VALUES (330004, '白云区', '2', 3300);
INSERT INTO `city_info` VALUES (330005, '小河区', '2', 3300);
INSERT INTO `city_info` VALUES (330006, '开阳县', '2', 3300);
INSERT INTO `city_info` VALUES (330007, '息烽县', '2', 3300);
INSERT INTO `city_info` VALUES (330008, '修文县', '2', 3300);
INSERT INTO `city_info` VALUES (330009, '清镇市', '2', 3300);
INSERT INTO `city_info` VALUES (330100, '钟山区', '2', 3301);
INSERT INTO `city_info` VALUES (330101, '六枝特区', '2', 3301);
INSERT INTO `city_info` VALUES (330102, '水城县', '2', 3301);
INSERT INTO `city_info` VALUES (330103, '盘县', '2', 3301);
INSERT INTO `city_info` VALUES (330200, '红花岗区', '2', 3302);
INSERT INTO `city_info` VALUES (330201, '汇川区', '2', 3302);
INSERT INTO `city_info` VALUES (330202, '遵义县', '2', 3302);
INSERT INTO `city_info` VALUES (330203, '桐梓县', '2', 3302);
INSERT INTO `city_info` VALUES (330204, '绥阳县', '2', 3302);
INSERT INTO `city_info` VALUES (330205, '正安县', '2', 3302);
INSERT INTO `city_info` VALUES (330206, '道真仡佬族苗族自治县', '2', 3302);
INSERT INTO `city_info` VALUES (330207, '务川仡佬族苗族自治县', '2', 3302);
INSERT INTO `city_info` VALUES (330208, '凤冈县', '2', 3302);
INSERT INTO `city_info` VALUES (330209, '湄潭县', '2', 3302);
INSERT INTO `city_info` VALUES (330210, '余庆县', '2', 3302);
INSERT INTO `city_info` VALUES (330211, '习水县', '2', 3302);
INSERT INTO `city_info` VALUES (330212, '赤水市', '2', 3302);
INSERT INTO `city_info` VALUES (330213, '仁怀市', '2', 3302);
INSERT INTO `city_info` VALUES (330300, '西秀区', '2', 3303);
INSERT INTO `city_info` VALUES (330301, '平坝县', '2', 3303);
INSERT INTO `city_info` VALUES (330302, '普定县', '2', 3303);
INSERT INTO `city_info` VALUES (330303, '镇宁布依族苗族自治县', '2', 3303);
INSERT INTO `city_info` VALUES (330304, '关岭布依族苗族自治县', '2', 3303);
INSERT INTO `city_info` VALUES (330305, '紫云苗族布依族自治县', '2', 3303);
INSERT INTO `city_info` VALUES (330400, '铜仁市', '2', 3304);
INSERT INTO `city_info` VALUES (330401, '江口县', '2', 3304);
INSERT INTO `city_info` VALUES (330402, '玉屏侗族自治县', '2', 3304);
INSERT INTO `city_info` VALUES (330403, '石阡县', '2', 3304);
INSERT INTO `city_info` VALUES (330404, '思南县', '2', 3304);
INSERT INTO `city_info` VALUES (330405, '印江土家族苗族自治县', '2', 3304);
INSERT INTO `city_info` VALUES (330406, '德江县', '2', 3304);
INSERT INTO `city_info` VALUES (330407, '沿河土家族自治县', '2', 3304);
INSERT INTO `city_info` VALUES (330408, '松桃苗族自治县', '2', 3304);
INSERT INTO `city_info` VALUES (330409, '万山特区', '2', 3304);
INSERT INTO `city_info` VALUES (330500, '兴义市', '2', 3305);
INSERT INTO `city_info` VALUES (330501, '兴仁县', '2', 3305);
INSERT INTO `city_info` VALUES (330502, '普安县', '2', 3305);
INSERT INTO `city_info` VALUES (330503, '晴隆县', '2', 3305);
INSERT INTO `city_info` VALUES (330504, '贞丰县', '2', 3305);
INSERT INTO `city_info` VALUES (330505, '望谟县', '2', 3305);
INSERT INTO `city_info` VALUES (330506, '册亨县', '2', 3305);
INSERT INTO `city_info` VALUES (330507, '安龙县', '2', 3305);
INSERT INTO `city_info` VALUES (330600, '毕节市', '2', 3306);
INSERT INTO `city_info` VALUES (330601, '大方县', '2', 3306);
INSERT INTO `city_info` VALUES (330602, '黔西县', '2', 3306);
INSERT INTO `city_info` VALUES (330603, '金沙县', '2', 3306);
INSERT INTO `city_info` VALUES (330604, '织金县', '2', 3306);
INSERT INTO `city_info` VALUES (330605, '纳雍县', '2', 3306);
INSERT INTO `city_info` VALUES (330606, '威宁彝族回族苗族自治县', '2', 3306);
INSERT INTO `city_info` VALUES (330607, '赫章县', '2', 3306);
INSERT INTO `city_info` VALUES (330700, '凯里市', '2', 3307);
INSERT INTO `city_info` VALUES (330701, '黄平县', '2', 3307);
INSERT INTO `city_info` VALUES (330702, '施秉县', '2', 3307);
INSERT INTO `city_info` VALUES (330703, '三穗县', '2', 3307);
INSERT INTO `city_info` VALUES (330704, '镇远县', '2', 3307);
INSERT INTO `city_info` VALUES (330705, '岑巩县', '2', 3307);
INSERT INTO `city_info` VALUES (330706, '天柱县', '2', 3307);
INSERT INTO `city_info` VALUES (330707, '锦屏县', '2', 3307);
INSERT INTO `city_info` VALUES (330708, '剑河县', '2', 3307);
INSERT INTO `city_info` VALUES (330709, '台江县', '2', 3307);
INSERT INTO `city_info` VALUES (330710, '黎平县', '2', 3307);
INSERT INTO `city_info` VALUES (330711, '榕江县', '2', 3307);
INSERT INTO `city_info` VALUES (330712, '从江县', '2', 3307);
INSERT INTO `city_info` VALUES (330713, '雷山县', '2', 3307);
INSERT INTO `city_info` VALUES (330714, '麻江县', '2', 3307);
INSERT INTO `city_info` VALUES (330715, '丹寨县', '2', 3307);
INSERT INTO `city_info` VALUES (330800, '都匀市', '2', 3308);
INSERT INTO `city_info` VALUES (330801, '福泉市', '2', 3308);
INSERT INTO `city_info` VALUES (330802, '荔波县', '2', 3308);
INSERT INTO `city_info` VALUES (330803, '贵定县', '2', 3308);
INSERT INTO `city_info` VALUES (330804, '瓮安县', '2', 3308);
INSERT INTO `city_info` VALUES (330805, '独山县', '2', 3308);
INSERT INTO `city_info` VALUES (330806, '平塘县', '2', 3308);
INSERT INTO `city_info` VALUES (330807, '罗甸县', '2', 3308);
INSERT INTO `city_info` VALUES (330808, '长顺县', '2', 3308);
INSERT INTO `city_info` VALUES (330809, '龙里县', '2', 3308);
INSERT INTO `city_info` VALUES (330810, '惠水县', '2', 3308);
INSERT INTO `city_info` VALUES (330811, '三都水族自治县', '2', 3308);
INSERT INTO `city_info` VALUES (340000, '五华区', '2', 3400);
INSERT INTO `city_info` VALUES (340001, '盘龙区', '2', 3400);
INSERT INTO `city_info` VALUES (340002, '官渡区', '2', 3400);
INSERT INTO `city_info` VALUES (340003, '西山区', '2', 3400);
INSERT INTO `city_info` VALUES (340004, '东川区', '2', 3400);
INSERT INTO `city_info` VALUES (340005, '呈贡县', '2', 3400);
INSERT INTO `city_info` VALUES (340006, '晋宁县', '2', 3400);
INSERT INTO `city_info` VALUES (340007, '富民县', '2', 3400);
INSERT INTO `city_info` VALUES (340008, '宜良县', '2', 3400);
INSERT INTO `city_info` VALUES (340009, '石林彝族自治县', '2', 3400);
INSERT INTO `city_info` VALUES (340010, '嵩明县', '2', 3400);
INSERT INTO `city_info` VALUES (340011, '禄劝彝族苗族自治县', '2', 3400);
INSERT INTO `city_info` VALUES (340012, '寻甸回族彝族自治县', '2', 3400);
INSERT INTO `city_info` VALUES (340013, '安宁市', '2', 3400);
INSERT INTO `city_info` VALUES (340100, '麒麟区', '2', 3401);
INSERT INTO `city_info` VALUES (340101, '马龙县', '2', 3401);
INSERT INTO `city_info` VALUES (340102, '陆良县', '2', 3401);
INSERT INTO `city_info` VALUES (340103, '师宗县', '2', 3401);
INSERT INTO `city_info` VALUES (340104, '罗平县', '2', 3401);
INSERT INTO `city_info` VALUES (340105, '富源县', '2', 3401);
INSERT INTO `city_info` VALUES (340106, '会泽县', '2', 3401);
INSERT INTO `city_info` VALUES (340107, '沾益县', '2', 3401);
INSERT INTO `city_info` VALUES (340108, '宣威市', '2', 3401);
INSERT INTO `city_info` VALUES (340200, '红塔区', '2', 3402);
INSERT INTO `city_info` VALUES (340201, '江川县', '2', 3402);
INSERT INTO `city_info` VALUES (340202, '澄江县', '2', 3402);
INSERT INTO `city_info` VALUES (340203, '通海县', '2', 3402);
INSERT INTO `city_info` VALUES (340204, '华宁县', '2', 3402);
INSERT INTO `city_info` VALUES (340205, '易门县', '2', 3402);
INSERT INTO `city_info` VALUES (340206, '峨山彝族自治县', '2', 3402);
INSERT INTO `city_info` VALUES (340207, '新平彝族傣族自治县', '2', 3402);
INSERT INTO `city_info` VALUES (340208, '元江哈尼族彝族傣族自治县', '2', 3402);
INSERT INTO `city_info` VALUES (340300, '隆阳区', '2', 3403);
INSERT INTO `city_info` VALUES (340301, '施甸县', '2', 3403);
INSERT INTO `city_info` VALUES (340302, '腾冲县', '2', 3403);
INSERT INTO `city_info` VALUES (340303, '龙陵县', '2', 3403);
INSERT INTO `city_info` VALUES (340304, '昌宁县', '2', 3403);
INSERT INTO `city_info` VALUES (340400, '昭阳区', '2', 3404);
INSERT INTO `city_info` VALUES (340401, '鲁甸县', '2', 3404);
INSERT INTO `city_info` VALUES (340402, '巧家县', '2', 3404);
INSERT INTO `city_info` VALUES (340403, '盐津县', '2', 3404);
INSERT INTO `city_info` VALUES (340404, '大关县', '2', 3404);
INSERT INTO `city_info` VALUES (340405, '永善县', '2', 3404);
INSERT INTO `city_info` VALUES (340406, '绥江县', '2', 3404);
INSERT INTO `city_info` VALUES (340407, '镇雄县', '2', 3404);
INSERT INTO `city_info` VALUES (340408, '彝良县', '2', 3404);
INSERT INTO `city_info` VALUES (340409, '威信县', '2', 3404);
INSERT INTO `city_info` VALUES (340410, '水富县', '2', 3404);
INSERT INTO `city_info` VALUES (340500, '古城区', '2', 3405);
INSERT INTO `city_info` VALUES (340501, '玉龙纳西族自治县', '2', 3405);
INSERT INTO `city_info` VALUES (340502, '永胜县', '2', 3405);
INSERT INTO `city_info` VALUES (340503, '华坪县', '2', 3405);
INSERT INTO `city_info` VALUES (340504, '宁蒗彝族自治县', '2', 3405);
INSERT INTO `city_info` VALUES (340600, '思茅区', '2', 3406);
INSERT INTO `city_info` VALUES (340601, '宁洱镇', '2', 3406);
INSERT INTO `city_info` VALUES (340602, '墨江哈尼族自治县', '2', 3406);
INSERT INTO `city_info` VALUES (340603, '景东彝族自治县', '2', 3406);
INSERT INTO `city_info` VALUES (340604, '景谷傣族彝族自治县', '2', 3406);
INSERT INTO `city_info` VALUES (340605, '镇沅彝族哈尼族拉祜族自治县', '2', 3406);
INSERT INTO `city_info` VALUES (340606, '江城哈尼族彝族自治县', '2', 3406);
INSERT INTO `city_info` VALUES (340607, '孟连傣族拉祜族佤族自治县', '2', 3406);
INSERT INTO `city_info` VALUES (340608, '澜沧拉祜族自治县', '2', 3406);
INSERT INTO `city_info` VALUES (340609, '西盟佤族自治县', '2', 3406);
INSERT INTO `city_info` VALUES (340700, '临翔区', '2', 3407);
INSERT INTO `city_info` VALUES (340701, '凤庆县', '2', 3407);
INSERT INTO `city_info` VALUES (340702, '云县', '2', 3407);
INSERT INTO `city_info` VALUES (340703, '永德县', '2', 3407);
INSERT INTO `city_info` VALUES (340704, '镇康县', '2', 3407);
INSERT INTO `city_info` VALUES (340705, '双江拉祜族佤族布朗族傣族自治县', '2', 3407);
INSERT INTO `city_info` VALUES (340706, '耿马傣族佤族自治县', '2', 3407);
INSERT INTO `city_info` VALUES (340707, '沧源佤族自治县', '2', 3407);
INSERT INTO `city_info` VALUES (340800, '楚雄市', '2', 3408);
INSERT INTO `city_info` VALUES (340801, '双柏县', '2', 3408);
INSERT INTO `city_info` VALUES (340802, '牟定县', '2', 3408);
INSERT INTO `city_info` VALUES (340803, '南华县', '2', 3408);
INSERT INTO `city_info` VALUES (340804, '姚安县', '2', 3408);
INSERT INTO `city_info` VALUES (340805, '大姚县', '2', 3408);
INSERT INTO `city_info` VALUES (340806, '永仁县', '2', 3408);
INSERT INTO `city_info` VALUES (340807, '元谋县', '2', 3408);
INSERT INTO `city_info` VALUES (340808, '武定县', '2', 3408);
INSERT INTO `city_info` VALUES (340809, '禄丰县', '2', 3408);
INSERT INTO `city_info` VALUES (340900, '个旧市', '2', 3409);
INSERT INTO `city_info` VALUES (340901, '开远市', '2', 3409);
INSERT INTO `city_info` VALUES (340902, '蒙自县', '2', 3409);
INSERT INTO `city_info` VALUES (340903, '屏边苗族自治县', '2', 3409);
INSERT INTO `city_info` VALUES (340904, '建水县', '2', 3409);
INSERT INTO `city_info` VALUES (340905, '石屏县', '2', 3409);
INSERT INTO `city_info` VALUES (340906, '弥勒县', '2', 3409);
INSERT INTO `city_info` VALUES (340907, '泸西县', '2', 3409);
INSERT INTO `city_info` VALUES (340908, '元阳县', '2', 3409);
INSERT INTO `city_info` VALUES (340909, '红河县', '2', 3409);
INSERT INTO `city_info` VALUES (340910, '金平苗族瑶族傣族自治县', '2', 3409);
INSERT INTO `city_info` VALUES (340911, '绿春县', '2', 3409);
INSERT INTO `city_info` VALUES (340912, '河口瑶族自治县', '2', 3409);
INSERT INTO `city_info` VALUES (341000, '文山县', '2', 3410);
INSERT INTO `city_info` VALUES (341001, '砚山县', '2', 3410);
INSERT INTO `city_info` VALUES (341002, '西畴县', '2', 3410);
INSERT INTO `city_info` VALUES (341003, '麻栗坡县', '2', 3410);
INSERT INTO `city_info` VALUES (341004, '马关县', '2', 3410);
INSERT INTO `city_info` VALUES (341005, '丘北县', '2', 3410);
INSERT INTO `city_info` VALUES (341006, '广南县', '2', 3410);
INSERT INTO `city_info` VALUES (341007, '富宁县', '2', 3410);
INSERT INTO `city_info` VALUES (341100, '景洪市', '2', 3411);
INSERT INTO `city_info` VALUES (341101, '勐海县', '2', 3411);
INSERT INTO `city_info` VALUES (341102, '勐腊县', '2', 3411);
INSERT INTO `city_info` VALUES (341200, '大理市', '2', 3412);
INSERT INTO `city_info` VALUES (341201, '漾濞彝族自治县', '2', 3412);
INSERT INTO `city_info` VALUES (341202, '祥云县', '2', 3412);
INSERT INTO `city_info` VALUES (341203, '宾川县', '2', 3412);
INSERT INTO `city_info` VALUES (341204, '弥渡县', '2', 3412);
INSERT INTO `city_info` VALUES (341205, '南涧彝族自治县', '2', 3412);
INSERT INTO `city_info` VALUES (341206, '巍山彝族回族自治县', '2', 3412);
INSERT INTO `city_info` VALUES (341207, '永平县', '2', 3412);
INSERT INTO `city_info` VALUES (341208, '云龙县', '2', 3412);
INSERT INTO `city_info` VALUES (341209, '洱源县', '2', 3412);
INSERT INTO `city_info` VALUES (341210, '剑川县', '2', 3412);
INSERT INTO `city_info` VALUES (341211, '鹤庆县', '2', 3412);
INSERT INTO `city_info` VALUES (341300, '瑞丽市', '2', 3413);
INSERT INTO `city_info` VALUES (341301, '潞西市', '2', 3413);
INSERT INTO `city_info` VALUES (341302, '梁河县', '2', 3413);
INSERT INTO `city_info` VALUES (341303, '盈江县', '2', 3413);
INSERT INTO `city_info` VALUES (341304, '陇川县', '2', 3413);
INSERT INTO `city_info` VALUES (341400, '泸水县', '2', 3414);
INSERT INTO `city_info` VALUES (341401, '福贡县', '2', 3414);
INSERT INTO `city_info` VALUES (341402, '贡山独龙族怒族自治县', '2', 3414);
INSERT INTO `city_info` VALUES (341403, '兰坪白族普米族自治县', '2', 3414);
INSERT INTO `city_info` VALUES (341500, '香格里拉县', '2', 3415);
INSERT INTO `city_info` VALUES (341501, '德钦县', '2', 3415);
INSERT INTO `city_info` VALUES (341502, '维西傈僳族自治县', '2', 3415);
INSERT INTO `city_info` VALUES (350000, '城关区', '2', 3500);
INSERT INTO `city_info` VALUES (350001, '林周县', '2', 3500);
INSERT INTO `city_info` VALUES (350002, '当雄县', '2', 3500);
INSERT INTO `city_info` VALUES (350003, '尼木县', '2', 3500);
INSERT INTO `city_info` VALUES (350004, '曲水县', '2', 3500);
INSERT INTO `city_info` VALUES (350005, '堆龙德庆县', '2', 3500);
INSERT INTO `city_info` VALUES (350006, '达孜县', '2', 3500);
INSERT INTO `city_info` VALUES (350007, '墨竹工卡县', '2', 3500);
INSERT INTO `city_info` VALUES (350100, '昌都县', '2', 3501);
INSERT INTO `city_info` VALUES (350101, '江达县', '2', 3501);
INSERT INTO `city_info` VALUES (350102, '贡觉县', '2', 3501);
INSERT INTO `city_info` VALUES (350103, '类乌齐县', '2', 3501);
INSERT INTO `city_info` VALUES (350104, '丁青县', '2', 3501);
INSERT INTO `city_info` VALUES (350105, '察雅县', '2', 3501);
INSERT INTO `city_info` VALUES (350106, '八宿县', '2', 3501);
INSERT INTO `city_info` VALUES (350107, '左贡县', '2', 3501);
INSERT INTO `city_info` VALUES (350108, '芒康县', '2', 3501);
INSERT INTO `city_info` VALUES (350109, '洛隆县', '2', 3501);
INSERT INTO `city_info` VALUES (350110, '边坝县', '2', 3501);
INSERT INTO `city_info` VALUES (350200, '乃东县', '2', 3502);
INSERT INTO `city_info` VALUES (350201, '扎囊县', '2', 3502);
INSERT INTO `city_info` VALUES (350202, '贡嘎县', '2', 3502);
INSERT INTO `city_info` VALUES (350203, '桑日县', '2', 3502);
INSERT INTO `city_info` VALUES (350204, '琼结县', '2', 3502);
INSERT INTO `city_info` VALUES (350205, '曲松县', '2', 3502);
INSERT INTO `city_info` VALUES (350206, '措美县', '2', 3502);
INSERT INTO `city_info` VALUES (350207, '洛扎县', '2', 3502);
INSERT INTO `city_info` VALUES (350208, '加查县', '2', 3502);
INSERT INTO `city_info` VALUES (350209, '隆子县', '2', 3502);
INSERT INTO `city_info` VALUES (350210, '错那县', '2', 3502);
INSERT INTO `city_info` VALUES (350211, '浪卡子县', '2', 3502);
INSERT INTO `city_info` VALUES (350300, '日喀则市', '2', 3503);
INSERT INTO `city_info` VALUES (350301, '南木林县', '2', 3503);
INSERT INTO `city_info` VALUES (350302, '江孜县', '2', 3503);
INSERT INTO `city_info` VALUES (350303, '定日县', '2', 3503);
INSERT INTO `city_info` VALUES (350304, '萨迦县', '2', 3503);
INSERT INTO `city_info` VALUES (350305, '拉孜县', '2', 3503);
INSERT INTO `city_info` VALUES (350306, '昂仁县', '2', 3503);
INSERT INTO `city_info` VALUES (350307, '谢通门县', '2', 3503);
INSERT INTO `city_info` VALUES (350308, '白朗县', '2', 3503);
INSERT INTO `city_info` VALUES (350309, '仁布县', '2', 3503);
INSERT INTO `city_info` VALUES (350310, '康马县', '2', 3503);
INSERT INTO `city_info` VALUES (350311, '定结县', '2', 3503);
INSERT INTO `city_info` VALUES (350312, '仲巴县', '2', 3503);
INSERT INTO `city_info` VALUES (350313, '亚东县', '2', 3503);
INSERT INTO `city_info` VALUES (350314, '吉隆县', '2', 3503);
INSERT INTO `city_info` VALUES (350315, '聂拉木县', '2', 3503);
INSERT INTO `city_info` VALUES (350316, '萨嘎县', '2', 3503);
INSERT INTO `city_info` VALUES (350317, '岗巴县', '2', 3503);
INSERT INTO `city_info` VALUES (350400, '那曲县', '2', 3504);
INSERT INTO `city_info` VALUES (350401, '嘉黎县', '2', 3504);
INSERT INTO `city_info` VALUES (350402, '比如县', '2', 3504);
INSERT INTO `city_info` VALUES (350403, '聂荣县', '2', 3504);
INSERT INTO `city_info` VALUES (350404, '安多县', '2', 3504);
INSERT INTO `city_info` VALUES (350405, '申扎县', '2', 3504);
INSERT INTO `city_info` VALUES (350406, '索县', '2', 3504);
INSERT INTO `city_info` VALUES (350407, '班戈县', '2', 3504);
INSERT INTO `city_info` VALUES (350408, '巴青县', '2', 3504);
INSERT INTO `city_info` VALUES (350409, '尼玛县', '2', 3504);
INSERT INTO `city_info` VALUES (350500, '普兰县', '2', 3505);
INSERT INTO `city_info` VALUES (350501, '札达县', '2', 3505);
INSERT INTO `city_info` VALUES (350502, '噶尔县', '2', 3505);
INSERT INTO `city_info` VALUES (350503, '日土县', '2', 3505);
INSERT INTO `city_info` VALUES (350504, '革吉县', '2', 3505);
INSERT INTO `city_info` VALUES (350505, '改则县', '2', 3505);
INSERT INTO `city_info` VALUES (350506, '措勤县', '2', 3505);
INSERT INTO `city_info` VALUES (350600, '林芝县', '2', 3506);
INSERT INTO `city_info` VALUES (350601, '工布江达县', '2', 3506);
INSERT INTO `city_info` VALUES (350602, '米林县', '2', 3506);
INSERT INTO `city_info` VALUES (350603, '墨脱县', '2', 3506);
INSERT INTO `city_info` VALUES (350604, '波密县', '2', 3506);
INSERT INTO `city_info` VALUES (350605, '察隅县', '2', 3506);
INSERT INTO `city_info` VALUES (350606, '朗县', '2', 3506);
INSERT INTO `city_info` VALUES (360000, '新城区', '2', 3600);
INSERT INTO `city_info` VALUES (360001, '碑林区', '2', 3600);
INSERT INTO `city_info` VALUES (360002, '莲湖区', '2', 3600);
INSERT INTO `city_info` VALUES (360003, '灞桥区', '2', 3600);
INSERT INTO `city_info` VALUES (360004, '未央区', '2', 3600);
INSERT INTO `city_info` VALUES (360005, '雁塔区', '2', 3600);
INSERT INTO `city_info` VALUES (360006, '阎良区', '2', 3600);
INSERT INTO `city_info` VALUES (360007, '临潼区', '2', 3600);
INSERT INTO `city_info` VALUES (360008, '长安区', '2', 3600);
INSERT INTO `city_info` VALUES (360009, '蓝田县', '2', 3600);
INSERT INTO `city_info` VALUES (360010, '周至县', '2', 3600);
INSERT INTO `city_info` VALUES (360011, '户县', '2', 3600);
INSERT INTO `city_info` VALUES (360012, '高陵县', '2', 3600);
INSERT INTO `city_info` VALUES (360100, '王益区', '2', 3601);
INSERT INTO `city_info` VALUES (360101, '印台区', '2', 3601);
INSERT INTO `city_info` VALUES (360102, '耀州区', '2', 3601);
INSERT INTO `city_info` VALUES (360103, '宜君县', '2', 3601);
INSERT INTO `city_info` VALUES (360200, '渭滨区', '2', 3602);
INSERT INTO `city_info` VALUES (360201, '金台区', '2', 3602);
INSERT INTO `city_info` VALUES (360202, '陈仓区', '2', 3602);
INSERT INTO `city_info` VALUES (360203, '凤翔县', '2', 3602);
INSERT INTO `city_info` VALUES (360204, '岐山县', '2', 3602);
INSERT INTO `city_info` VALUES (360205, '扶风县', '2', 3602);
INSERT INTO `city_info` VALUES (360206, '眉县', '2', 3602);
INSERT INTO `city_info` VALUES (360207, '陇县', '2', 3602);
INSERT INTO `city_info` VALUES (360208, '千阳县', '2', 3602);
INSERT INTO `city_info` VALUES (360209, '麟游县', '2', 3602);
INSERT INTO `city_info` VALUES (360210, '凤县', '2', 3602);
INSERT INTO `city_info` VALUES (360211, '太白县', '2', 3602);
INSERT INTO `city_info` VALUES (360300, '秦都区', '2', 3603);
INSERT INTO `city_info` VALUES (360301, '杨凌区', '2', 3603);
INSERT INTO `city_info` VALUES (360302, '渭城区', '2', 3603);
INSERT INTO `city_info` VALUES (360303, '三原县', '2', 3603);
INSERT INTO `city_info` VALUES (360304, '泾阳县', '2', 3603);
INSERT INTO `city_info` VALUES (360305, '乾县', '2', 3603);
INSERT INTO `city_info` VALUES (360306, '礼泉县', '2', 3603);
INSERT INTO `city_info` VALUES (360307, '永寿县', '2', 3603);
INSERT INTO `city_info` VALUES (360308, '彬县', '2', 3603);
INSERT INTO `city_info` VALUES (360309, '长武县', '2', 3603);
INSERT INTO `city_info` VALUES (360310, '旬邑县', '2', 3603);
INSERT INTO `city_info` VALUES (360311, '淳化县', '2', 3603);
INSERT INTO `city_info` VALUES (360312, '武功县', '2', 3603);
INSERT INTO `city_info` VALUES (360313, '兴平市', '2', 3603);
INSERT INTO `city_info` VALUES (360400, '临渭区', '2', 3604);
INSERT INTO `city_info` VALUES (360401, '华县', '2', 3604);
INSERT INTO `city_info` VALUES (360402, '潼关县', '2', 3604);
INSERT INTO `city_info` VALUES (360403, '大荔县', '2', 3604);
INSERT INTO `city_info` VALUES (360404, '合阳县', '2', 3604);
INSERT INTO `city_info` VALUES (360405, '澄城县', '2', 3604);
INSERT INTO `city_info` VALUES (360406, '蒲城县', '2', 3604);
INSERT INTO `city_info` VALUES (360407, '白水县', '2', 3604);
INSERT INTO `city_info` VALUES (360408, '富平县', '2', 3604);
INSERT INTO `city_info` VALUES (360409, '韩城市', '2', 3604);
INSERT INTO `city_info` VALUES (360410, '华阴市', '2', 3604);
INSERT INTO `city_info` VALUES (360500, '宝塔区', '2', 3605);
INSERT INTO `city_info` VALUES (360501, '延长县', '2', 3605);
INSERT INTO `city_info` VALUES (360502, '延川县', '2', 3605);
INSERT INTO `city_info` VALUES (360503, '子长县', '2', 3605);
INSERT INTO `city_info` VALUES (360504, '安塞县', '2', 3605);
INSERT INTO `city_info` VALUES (360505, '志丹县', '2', 3605);
INSERT INTO `city_info` VALUES (360506, '吴起县', '2', 3605);
INSERT INTO `city_info` VALUES (360507, '甘泉县', '2', 3605);
INSERT INTO `city_info` VALUES (360508, '富县', '2', 3605);
INSERT INTO `city_info` VALUES (360509, '洛川县', '2', 3605);
INSERT INTO `city_info` VALUES (360510, '宜川县', '2', 3605);
INSERT INTO `city_info` VALUES (360511, '黄龙县', '2', 3605);
INSERT INTO `city_info` VALUES (360512, '黄陵县', '2', 3605);
INSERT INTO `city_info` VALUES (360600, '汉台区', '2', 3606);
INSERT INTO `city_info` VALUES (360601, '南郑县', '2', 3606);
INSERT INTO `city_info` VALUES (360602, '城固县', '2', 3606);
INSERT INTO `city_info` VALUES (360603, '洋县', '2', 3606);
INSERT INTO `city_info` VALUES (360604, '西乡县', '2', 3606);
INSERT INTO `city_info` VALUES (360605, '勉县', '2', 3606);
INSERT INTO `city_info` VALUES (360606, '宁强县', '2', 3606);
INSERT INTO `city_info` VALUES (360607, '略阳县', '2', 3606);
INSERT INTO `city_info` VALUES (360608, '镇巴县', '2', 3606);
INSERT INTO `city_info` VALUES (360609, '留坝县', '2', 3606);
INSERT INTO `city_info` VALUES (360610, '佛坪县', '2', 3606);
INSERT INTO `city_info` VALUES (360700, '榆阳区', '2', 3607);
INSERT INTO `city_info` VALUES (360701, '神木县', '2', 3607);
INSERT INTO `city_info` VALUES (360702, '府谷县', '2', 3607);
INSERT INTO `city_info` VALUES (360703, '横山县', '2', 3607);
INSERT INTO `city_info` VALUES (360704, '靖边县', '2', 3607);
INSERT INTO `city_info` VALUES (360705, '定边县', '2', 3607);
INSERT INTO `city_info` VALUES (360706, '绥德县', '2', 3607);
INSERT INTO `city_info` VALUES (360707, '米脂县', '2', 3607);
INSERT INTO `city_info` VALUES (360708, '佳县', '2', 3607);
INSERT INTO `city_info` VALUES (360709, '吴堡县', '2', 3607);
INSERT INTO `city_info` VALUES (360710, '清涧县', '2', 3607);
INSERT INTO `city_info` VALUES (360711, '子洲县', '2', 3607);
INSERT INTO `city_info` VALUES (360800, '汉滨区', '2', 3608);
INSERT INTO `city_info` VALUES (360801, '汉阴县', '2', 3608);
INSERT INTO `city_info` VALUES (360802, '石泉县', '2', 3608);
INSERT INTO `city_info` VALUES (360803, '宁陕县', '2', 3608);
INSERT INTO `city_info` VALUES (360804, '紫阳县', '2', 3608);
INSERT INTO `city_info` VALUES (360805, '岚皋县', '2', 3608);
INSERT INTO `city_info` VALUES (360806, '平利县', '2', 3608);
INSERT INTO `city_info` VALUES (360807, '镇坪县', '2', 3608);
INSERT INTO `city_info` VALUES (360808, '旬阳县', '2', 3608);
INSERT INTO `city_info` VALUES (360809, '白河县', '2', 3608);
INSERT INTO `city_info` VALUES (360900, '商州区', '2', 3609);
INSERT INTO `city_info` VALUES (360901, '洛南县', '2', 3609);
INSERT INTO `city_info` VALUES (360902, '丹凤县', '2', 3609);
INSERT INTO `city_info` VALUES (360903, '商南县', '2', 3609);
INSERT INTO `city_info` VALUES (360904, '山阳县', '2', 3609);
INSERT INTO `city_info` VALUES (360905, '镇安县', '2', 3609);
INSERT INTO `city_info` VALUES (360906, '柞水县', '2', 3609);
INSERT INTO `city_info` VALUES (370000, '区(县)', '2', 3700);
INSERT INTO `city_info` VALUES (370001, '城关区', '2', 3700);
INSERT INTO `city_info` VALUES (370002, '七里河区', '2', 3700);
INSERT INTO `city_info` VALUES (370003, '西固区', '2', 3700);
INSERT INTO `city_info` VALUES (370004, '安宁区', '2', 3700);
INSERT INTO `city_info` VALUES (370005, '红古区', '2', 3700);
INSERT INTO `city_info` VALUES (370006, '永登县', '2', 3700);
INSERT INTO `city_info` VALUES (370007, '皋兰县', '2', 3700);
INSERT INTO `city_info` VALUES (370008, '榆中县', '2', 3700);
INSERT INTO `city_info` VALUES (370100, '嘉峪关市', '2', 3701);
INSERT INTO `city_info` VALUES (370200, '金川区', '2', 3702);
INSERT INTO `city_info` VALUES (370201, '永昌县', '2', 3702);
INSERT INTO `city_info` VALUES (370300, '白银区', '2', 3703);
INSERT INTO `city_info` VALUES (370301, '平川区', '2', 3703);
INSERT INTO `city_info` VALUES (370302, '靖远县', '2', 3703);
INSERT INTO `city_info` VALUES (370303, '会宁县', '2', 3703);
INSERT INTO `city_info` VALUES (370304, '景泰县', '2', 3703);
INSERT INTO `city_info` VALUES (370400, '秦城区', '2', 3704);
INSERT INTO `city_info` VALUES (370401, '麦积区', '2', 3704);
INSERT INTO `city_info` VALUES (370402, '清水县', '2', 3704);
INSERT INTO `city_info` VALUES (370403, '秦安县', '2', 3704);
INSERT INTO `city_info` VALUES (370404, '甘谷县', '2', 3704);
INSERT INTO `city_info` VALUES (370405, '武山县', '2', 3704);
INSERT INTO `city_info` VALUES (370406, '张家川回族自治县', '2', 3704);
INSERT INTO `city_info` VALUES (370500, '凉州区', '2', 3705);
INSERT INTO `city_info` VALUES (370501, '民勤县', '2', 3705);
INSERT INTO `city_info` VALUES (370502, '古浪县', '2', 3705);
INSERT INTO `city_info` VALUES (370503, '天祝藏族自治县', '2', 3705);
INSERT INTO `city_info` VALUES (370600, '甘州区', '2', 3706);
INSERT INTO `city_info` VALUES (370601, '肃南裕固族自治县', '2', 3706);
INSERT INTO `city_info` VALUES (370602, '民乐县', '2', 3706);
INSERT INTO `city_info` VALUES (370603, '临泽县', '2', 3706);
INSERT INTO `city_info` VALUES (370604, '高台县', '2', 3706);
INSERT INTO `city_info` VALUES (370605, '山丹县', '2', 3706);
INSERT INTO `city_info` VALUES (370700, '崆峒区', '2', 3707);
INSERT INTO `city_info` VALUES (370701, '泾川县', '2', 3707);
INSERT INTO `city_info` VALUES (370702, '灵台县', '2', 3707);
INSERT INTO `city_info` VALUES (370703, '崇信县', '2', 3707);
INSERT INTO `city_info` VALUES (370704, '华亭县', '2', 3707);
INSERT INTO `city_info` VALUES (370705, '庄浪县', '2', 3707);
INSERT INTO `city_info` VALUES (370706, '静宁县', '2', 3707);
INSERT INTO `city_info` VALUES (370800, '肃州区', '2', 3708);
INSERT INTO `city_info` VALUES (370801, '金塔县', '2', 3708);
INSERT INTO `city_info` VALUES (370802, '瓜州县', '2', 3708);
INSERT INTO `city_info` VALUES (370803, '肃北蒙古族自治县', '2', 3708);
INSERT INTO `city_info` VALUES (370804, '阿克塞哈萨克族自治县', '2', 3708);
INSERT INTO `city_info` VALUES (370805, '玉门市', '2', 3708);
INSERT INTO `city_info` VALUES (370806, '敦煌市', '2', 3708);
INSERT INTO `city_info` VALUES (370900, '西峰区', '2', 3709);
INSERT INTO `city_info` VALUES (370901, '庆城县', '2', 3709);
INSERT INTO `city_info` VALUES (370902, '环县', '2', 3709);
INSERT INTO `city_info` VALUES (370903, '华池县', '2', 3709);
INSERT INTO `city_info` VALUES (370904, '合水县', '2', 3709);
INSERT INTO `city_info` VALUES (370905, '正宁县', '2', 3709);
INSERT INTO `city_info` VALUES (370906, '宁县', '2', 3709);
INSERT INTO `city_info` VALUES (370907, '镇原县', '2', 3709);
INSERT INTO `city_info` VALUES (371000, '安定区', '2', 3710);
INSERT INTO `city_info` VALUES (371001, '通渭县', '2', 3710);
INSERT INTO `city_info` VALUES (371002, '陇西县', '2', 3710);
INSERT INTO `city_info` VALUES (371003, '渭源县', '2', 3710);
INSERT INTO `city_info` VALUES (371004, '临洮县', '2', 3710);
INSERT INTO `city_info` VALUES (371005, '漳县', '2', 3710);
INSERT INTO `city_info` VALUES (371006, '岷县', '2', 3710);
INSERT INTO `city_info` VALUES (371100, '武都区', '2', 3711);
INSERT INTO `city_info` VALUES (371101, '成县', '2', 3711);
INSERT INTO `city_info` VALUES (371102, '文县', '2', 3711);
INSERT INTO `city_info` VALUES (371103, '宕昌县', '2', 3711);
INSERT INTO `city_info` VALUES (371104, '康县', '2', 3711);
INSERT INTO `city_info` VALUES (371105, '西和县', '2', 3711);
INSERT INTO `city_info` VALUES (371106, '礼县', '2', 3711);
INSERT INTO `city_info` VALUES (371107, '徽县', '2', 3711);
INSERT INTO `city_info` VALUES (371108, '两当县', '2', 3711);
INSERT INTO `city_info` VALUES (371200, '临夏市', '2', 3712);
INSERT INTO `city_info` VALUES (371201, '临夏县', '2', 3712);
INSERT INTO `city_info` VALUES (371202, '康乐县', '2', 3712);
INSERT INTO `city_info` VALUES (371203, '永靖县', '2', 3712);
INSERT INTO `city_info` VALUES (371204, '广河县', '2', 3712);
INSERT INTO `city_info` VALUES (371205, '和政县', '2', 3712);
INSERT INTO `city_info` VALUES (371206, '东乡族自治县', '2', 3712);
INSERT INTO `city_info` VALUES (371207, '积石山保安族东乡族撒拉族自治县', '2', 3712);
INSERT INTO `city_info` VALUES (371300, '合作市', '2', 3713);
INSERT INTO `city_info` VALUES (371301, '临潭县', '2', 3713);
INSERT INTO `city_info` VALUES (371302, '卓尼县', '2', 3713);
INSERT INTO `city_info` VALUES (371303, '舟曲县', '2', 3713);
INSERT INTO `city_info` VALUES (371304, '迭部县', '2', 3713);
INSERT INTO `city_info` VALUES (371305, '玛曲县', '2', 3713);
INSERT INTO `city_info` VALUES (371306, '碌曲县', '2', 3713);
INSERT INTO `city_info` VALUES (371307, '夏河县', '2', 3713);
INSERT INTO `city_info` VALUES (380000, '城东区', '2', 3800);
INSERT INTO `city_info` VALUES (380001, '城中区', '2', 3800);
INSERT INTO `city_info` VALUES (380002, '城西区', '2', 3800);
INSERT INTO `city_info` VALUES (380003, '城北区', '2', 3800);
INSERT INTO `city_info` VALUES (380004, '大通回族土族自治县', '2', 3800);
INSERT INTO `city_info` VALUES (380005, '湟中县', '2', 3800);
INSERT INTO `city_info` VALUES (380006, '湟源县', '2', 3800);
INSERT INTO `city_info` VALUES (380100, '平安县', '2', 3801);
INSERT INTO `city_info` VALUES (380101, '民和回族土族自治县', '2', 3801);
INSERT INTO `city_info` VALUES (380102, '乐都县', '2', 3801);
INSERT INTO `city_info` VALUES (380103, '互助土族自治县', '2', 3801);
INSERT INTO `city_info` VALUES (380104, '化隆回族自治县', '2', 3801);
INSERT INTO `city_info` VALUES (380105, '循化撒拉族自治县', '2', 3801);
INSERT INTO `city_info` VALUES (380200, '门源回族自治县', '2', 3802);
INSERT INTO `city_info` VALUES (380201, '祁连县', '2', 3802);
INSERT INTO `city_info` VALUES (380202, '海晏县', '2', 3802);
INSERT INTO `city_info` VALUES (380203, '刚察县', '2', 3802);
INSERT INTO `city_info` VALUES (380300, '同仁县', '2', 3803);
INSERT INTO `city_info` VALUES (380301, '尖扎县', '2', 3803);
INSERT INTO `city_info` VALUES (380302, '泽库县', '2', 3803);
INSERT INTO `city_info` VALUES (380303, '河南蒙古族自治县', '2', 3803);
INSERT INTO `city_info` VALUES (380400, '共和县', '2', 3804);
INSERT INTO `city_info` VALUES (380401, '同德县', '2', 3804);
INSERT INTO `city_info` VALUES (380402, '贵德县', '2', 3804);
INSERT INTO `city_info` VALUES (380403, '兴海县', '2', 3804);
INSERT INTO `city_info` VALUES (380404, '贵南县', '2', 3804);
INSERT INTO `city_info` VALUES (380500, '玛沁县', '2', 3805);
INSERT INTO `city_info` VALUES (380501, '班玛县', '2', 3805);
INSERT INTO `city_info` VALUES (380502, '甘德县', '2', 3805);
INSERT INTO `city_info` VALUES (380503, '达日县', '2', 3805);
INSERT INTO `city_info` VALUES (380504, '久治县', '2', 3805);
INSERT INTO `city_info` VALUES (380505, '玛多县', '2', 3805);
INSERT INTO `city_info` VALUES (380600, '玉树县', '2', 3806);
INSERT INTO `city_info` VALUES (380601, '杂多县', '2', 3806);
INSERT INTO `city_info` VALUES (380602, '称多县', '2', 3806);
INSERT INTO `city_info` VALUES (380603, '治多县', '2', 3806);
INSERT INTO `city_info` VALUES (380604, '囊谦县', '2', 3806);
INSERT INTO `city_info` VALUES (380605, '曲麻莱县', '2', 3806);
INSERT INTO `city_info` VALUES (380700, '格尔木市', '2', 3807);
INSERT INTO `city_info` VALUES (380701, '德令哈市', '2', 3807);
INSERT INTO `city_info` VALUES (380702, '乌兰县', '2', 3807);
INSERT INTO `city_info` VALUES (380703, '都兰县', '2', 3807);
INSERT INTO `city_info` VALUES (380704, '天峻县', '2', 3807);
INSERT INTO `city_info` VALUES (390000, '兴庆区', '2', 3900);
INSERT INTO `city_info` VALUES (390001, '西夏区', '2', 3900);
INSERT INTO `city_info` VALUES (390002, '金凤区', '2', 3900);
INSERT INTO `city_info` VALUES (390003, '永宁县', '2', 3900);
INSERT INTO `city_info` VALUES (390004, '贺兰县', '2', 3900);
INSERT INTO `city_info` VALUES (390005, '灵武市', '2', 3900);
INSERT INTO `city_info` VALUES (390100, '大武口区', '2', 3901);
INSERT INTO `city_info` VALUES (390101, '惠农区', '2', 3901);
INSERT INTO `city_info` VALUES (390102, '平罗县', '2', 3901);
INSERT INTO `city_info` VALUES (390200, '利通区', '2', 3902);
INSERT INTO `city_info` VALUES (390201, '红寺堡区', '2', 3902);
INSERT INTO `city_info` VALUES (390202, '盐池县', '2', 3902);
INSERT INTO `city_info` VALUES (390203, '同心县', '2', 3902);
INSERT INTO `city_info` VALUES (390204, '青铜峡市', '2', 3902);
INSERT INTO `city_info` VALUES (390300, '原州区', '2', 3903);
INSERT INTO `city_info` VALUES (390301, '西吉县', '2', 3903);
INSERT INTO `city_info` VALUES (390302, '隆德县', '2', 3903);
INSERT INTO `city_info` VALUES (390303, '泾源县', '2', 3903);
INSERT INTO `city_info` VALUES (390304, '彭阳县', '2', 3903);
INSERT INTO `city_info` VALUES (390400, '沙坡头区', '2', 3904);
INSERT INTO `city_info` VALUES (390401, '中宁县', '2', 3904);
INSERT INTO `city_info` VALUES (390402, '海原县', '2', 3904);
INSERT INTO `city_info` VALUES (400000, '天山区', '2', 4000);
INSERT INTO `city_info` VALUES (400001, '沙依巴克区', '2', 4000);
INSERT INTO `city_info` VALUES (400002, '新市区', '2', 4000);
INSERT INTO `city_info` VALUES (400003, '水磨沟区', '2', 4000);
INSERT INTO `city_info` VALUES (400004, '头屯河区', '2', 4000);
INSERT INTO `city_info` VALUES (400005, '达坂城区', '2', 4000);
INSERT INTO `city_info` VALUES (400006, '米东区', '2', 4000);
INSERT INTO `city_info` VALUES (400007, '乌鲁木齐县', '2', 4000);
INSERT INTO `city_info` VALUES (400100, '独山子区', '2', 4001);
INSERT INTO `city_info` VALUES (400101, '克拉玛依区', '2', 4001);
INSERT INTO `city_info` VALUES (400102, '白碱滩区', '2', 4001);
INSERT INTO `city_info` VALUES (400103, '乌尔禾区', '2', 4001);
INSERT INTO `city_info` VALUES (400200, '吐鲁番市', '2', 4002);
INSERT INTO `city_info` VALUES (400201, '鄯善县', '2', 4002);
INSERT INTO `city_info` VALUES (400202, '托克逊县', '2', 4002);
INSERT INTO `city_info` VALUES (400300, '哈密市', '2', 4003);
INSERT INTO `city_info` VALUES (400301, '巴里坤哈萨克自治县', '2', 4003);
INSERT INTO `city_info` VALUES (400302, '伊吾县', '2', 4003);
INSERT INTO `city_info` VALUES (400400, '昌吉市', '2', 4004);
INSERT INTO `city_info` VALUES (400401, '阜康市', '2', 4004);
INSERT INTO `city_info` VALUES (400402, '呼图壁县', '2', 4004);
INSERT INTO `city_info` VALUES (400403, '玛纳斯县', '2', 4004);
INSERT INTO `city_info` VALUES (400404, '奇台县', '2', 4004);
INSERT INTO `city_info` VALUES (400405, '吉木萨尔县', '2', 4004);
INSERT INTO `city_info` VALUES (400406, '木垒哈萨克自治县', '2', 4004);
INSERT INTO `city_info` VALUES (400500, '博乐市', '2', 4005);
INSERT INTO `city_info` VALUES (400501, '精河县', '2', 4005);
INSERT INTO `city_info` VALUES (400502, '温泉县', '2', 4005);
INSERT INTO `city_info` VALUES (400600, '库尔勒市', '2', 4006);
INSERT INTO `city_info` VALUES (400601, '轮台县', '2', 4006);
INSERT INTO `city_info` VALUES (400602, '尉犁县', '2', 4006);
INSERT INTO `city_info` VALUES (400603, '若羌县', '2', 4006);
INSERT INTO `city_info` VALUES (400604, '且末县', '2', 4006);
INSERT INTO `city_info` VALUES (400605, '焉耆回族自治县', '2', 4006);
INSERT INTO `city_info` VALUES (400606, '和静县', '2', 4006);
INSERT INTO `city_info` VALUES (400607, '和硕县', '2', 4006);
INSERT INTO `city_info` VALUES (400608, '博湖县', '2', 4006);
INSERT INTO `city_info` VALUES (400700, '阿克苏市', '2', 4007);
INSERT INTO `city_info` VALUES (400701, '温宿县', '2', 4007);
INSERT INTO `city_info` VALUES (400702, '库车县', '2', 4007);
INSERT INTO `city_info` VALUES (400703, '沙雅县', '2', 4007);
INSERT INTO `city_info` VALUES (400704, '新和县', '2', 4007);
INSERT INTO `city_info` VALUES (400705, '拜城县', '2', 4007);
INSERT INTO `city_info` VALUES (400706, '乌什县', '2', 4007);
INSERT INTO `city_info` VALUES (400707, '阿瓦提县', '2', 4007);
INSERT INTO `city_info` VALUES (400708, '柯坪县', '2', 4007);
INSERT INTO `city_info` VALUES (400800, '阿图什市', '2', 4008);
INSERT INTO `city_info` VALUES (400801, '阿克陶县', '2', 4008);
INSERT INTO `city_info` VALUES (400802, '阿合奇县', '2', 4008);
INSERT INTO `city_info` VALUES (400803, '乌恰县', '2', 4008);
INSERT INTO `city_info` VALUES (400900, '喀什市', '2', 4009);
INSERT INTO `city_info` VALUES (400901, '疏附县', '2', 4009);
INSERT INTO `city_info` VALUES (400902, '疏勒县', '2', 4009);
INSERT INTO `city_info` VALUES (400903, '英吉沙县', '2', 4009);
INSERT INTO `city_info` VALUES (400904, '泽普县', '2', 4009);
INSERT INTO `city_info` VALUES (400905, '莎车县', '2', 4009);
INSERT INTO `city_info` VALUES (400906, '叶城县', '2', 4009);
INSERT INTO `city_info` VALUES (400907, '麦盖提县', '2', 4009);
INSERT INTO `city_info` VALUES (400908, '岳普湖县', '2', 4009);
INSERT INTO `city_info` VALUES (400909, '伽师县', '2', 4009);
INSERT INTO `city_info` VALUES (400910, '巴楚县', '2', 4009);
INSERT INTO `city_info` VALUES (400911, '塔什库尔干县塔吉克自治', '2', 4009);
INSERT INTO `city_info` VALUES (401000, '和田市', '2', 4010);
INSERT INTO `city_info` VALUES (401001, '和田县', '2', 4010);
INSERT INTO `city_info` VALUES (401002, '墨玉县', '2', 4010);
INSERT INTO `city_info` VALUES (401003, '皮山县', '2', 4010);
INSERT INTO `city_info` VALUES (401004, '洛浦县', '2', 4010);
INSERT INTO `city_info` VALUES (401005, '策勒县', '2', 4010);
INSERT INTO `city_info` VALUES (401006, '于田县', '2', 4010);
INSERT INTO `city_info` VALUES (401007, '民丰县', '2', 4010);
INSERT INTO `city_info` VALUES (401100, '伊宁市', '2', 4011);
INSERT INTO `city_info` VALUES (401101, '奎屯市', '2', 4011);
INSERT INTO `city_info` VALUES (401102, '伊宁县', '2', 4011);
INSERT INTO `city_info` VALUES (401103, '察布查尔锡伯自治县', '2', 4011);
INSERT INTO `city_info` VALUES (401104, '霍城县', '2', 4011);
INSERT INTO `city_info` VALUES (401105, '巩留县', '2', 4011);
INSERT INTO `city_info` VALUES (401106, '新源县', '2', 4011);
INSERT INTO `city_info` VALUES (401107, '昭苏县', '2', 4011);
INSERT INTO `city_info` VALUES (401108, '特克斯县', '2', 4011);
INSERT INTO `city_info` VALUES (401109, '尼勒克县', '2', 4011);
INSERT INTO `city_info` VALUES (401200, '塔城市', '2', 4012);
INSERT INTO `city_info` VALUES (401201, '乌苏市', '2', 4012);
INSERT INTO `city_info` VALUES (401202, '额敏县', '2', 4012);
INSERT INTO `city_info` VALUES (401203, '沙湾县', '2', 4012);
INSERT INTO `city_info` VALUES (401204, '托里县', '2', 4012);
INSERT INTO `city_info` VALUES (401205, '裕民县', '2', 4012);
INSERT INTO `city_info` VALUES (401206, '和布克赛尔蒙古自治县', '2', 4012);
INSERT INTO `city_info` VALUES (401300, '阿勒泰市', '2', 4013);
INSERT INTO `city_info` VALUES (401301, '布尔津县', '2', 4013);
INSERT INTO `city_info` VALUES (401302, '富蕴县', '2', 4013);
INSERT INTO `city_info` VALUES (401303, '福海县', '2', 4013);
INSERT INTO `city_info` VALUES (401304, '哈巴河县', '2', 4013);
INSERT INTO `city_info` VALUES (401305, '青河县', '2', 4013);
INSERT INTO `city_info` VALUES (401306, '吉木乃县', '2', 4013);
INSERT INTO `city_info` VALUES (401400, '石河子', '2', 4014);
INSERT INTO `city_info` VALUES (401500, '阿拉尔', '2', 4015);
INSERT INTO `city_info` VALUES (401600, '图木舒克', '2', 4016);
INSERT INTO `city_info` VALUES (401700, '五家渠', '2', 4017);
INSERT INTO `city_info` VALUES (410000, '中西区', '2', 4100);
INSERT INTO `city_info` VALUES (410001, '东区', '2', 4100);
INSERT INTO `city_info` VALUES (410002, '九龙城区', '2', 4100);
INSERT INTO `city_info` VALUES (410003, '观塘区', '2', 4100);
INSERT INTO `city_info` VALUES (410004, '南区', '2', 4100);
INSERT INTO `city_info` VALUES (410005, '深水区', '2', 4100);
INSERT INTO `city_info` VALUES (410006, '湾仔区', '2', 4100);
INSERT INTO `city_info` VALUES (410007, '黄大仙区', '2', 4100);
INSERT INTO `city_info` VALUES (410008, '油尖旺区', '2', 4100);
INSERT INTO `city_info` VALUES (410009, '离岛区', '2', 4100);
INSERT INTO `city_info` VALUES (410010, '葵青区', '2', 4100);
INSERT INTO `city_info` VALUES (410011, '北区', '2', 4100);
INSERT INTO `city_info` VALUES (410012, '西贡区', '2', 4100);
INSERT INTO `city_info` VALUES (410013, '沙田区', '2', 4100);
INSERT INTO `city_info` VALUES (410014, '屯门区', '2', 4100);
INSERT INTO `city_info` VALUES (410015, '大埔区', '2', 4100);
INSERT INTO `city_info` VALUES (410016, '荃湾区', '2', 4100);
INSERT INTO `city_info` VALUES (410017, '元朗区', '2', 4100);
INSERT INTO `city_info` VALUES (420000, '花地玛堂区', '2', 4200);
INSERT INTO `city_info` VALUES (420001, '圣安多尼堂区', '2', 4200);
INSERT INTO `city_info` VALUES (420002, '大堂区', '2', 4200);
INSERT INTO `city_info` VALUES (420003, '望德堂区', '2', 4200);
INSERT INTO `city_info` VALUES (420004, '风顺堂区', '2', 4200);
INSERT INTO `city_info` VALUES (420005, '嘉模堂区', '2', 4200);
INSERT INTO `city_info` VALUES (420006, '圣方济各堂区', '2', 4200);

-- ----------------------------
-- Table structure for data_dictionary
-- ----------------------------
DROP TABLE IF EXISTS `data_dictionary`;
CREATE TABLE `data_dictionary`  (
  `id` int(11) NOT NULL AUTO_INCREMENT,
  `dict_name` varchar(255) CHARACTER SET utf8mb4 COLLATE utf8mb4_general_ci NULL DEFAULT NULL COMMENT '代表含义',
  `description` varchar(255) CHARACTER SET utf8mb4 COLLATE utf8mb4_general_ci NULL DEFAULT NULL COMMENT '详细解释',
  PRIMARY KEY (`id`) USING BTREE
) ENGINE = InnoDB AUTO_INCREMENT = 20007 CHARACTER SET = utf8mb4 COLLATE = utf8mb4_general_ci COMMENT = '数据字典' ROW_FORMAT = Compact;

-- ----------------------------
-- Records of data_dictionary
-- ----------------------------
INSERT INTO `data_dictionary` VALUES (100, 'POST', NULL);
INSERT INTO `data_dictionary` VALUES (101, 'DELETE', NULL);
INSERT INTO `data_dictionary` VALUES (102, 'PUT', NULL);
INSERT INTO `data_dictionary` VALUES (103, 'GET', NULL);
INSERT INTO `data_dictionary` VALUES (104, 'DENY', '阻止');
INSERT INTO `data_dictionary` VALUES (105, 'PERMIT', '允许');
INSERT INTO `data_dictionary` VALUES (106, 'CASCADE_DENY', '阻止全部');
INSERT INTO `data_dictionary` VALUES (107, 'CASCADE_PERMIT', '允许全部');
INSERT INTO `data_dictionary` VALUES (10001, 'ADMIN', '母账号');
INSERT INTO `data_dictionary` VALUES (10002, 'CHILD', '子账号');
INSERT INTO `data_dictionary` VALUES (10003, 'SUPER', '超级管理员');
INSERT INTO `data_dictionary` VALUES (10004, 'NORMAL', '普通管理员');
INSERT INTO `data_dictionary` VALUES (10005, 'ROOT', 'ROOT账号');
INSERT INTO `data_dictionary` VALUES (20000, '未开始', '未开始');
INSERT INTO `data_dictionary` VALUES (20001, '正在进行', '正在进行');
INSERT INTO `data_dictionary` VALUES (20002, '已完成', '已完成');
INSERT INTO `data_dictionary` VALUES (20003, '已取消', '已取消');
INSERT INTO `data_dictionary` VALUES (20004, '发送失败', '发送失败，或未完全成功发送');
INSERT INTO `data_dictionary` VALUES (20005, '全部粉丝', '推送对象-全部粉丝');
INSERT INTO `data_dictionary` VALUES (20006, '48小时内活跃粉丝', '推送对象-48小时内活跃粉丝');

-- ----------------------------
-- Table structure for simple_config
-- ----------------------------
DROP TABLE IF EXISTS `simple_config`;
CREATE TABLE `simple_config`  (
  `id` int(9) NOT NULL AUTO_INCREMENT,
  `config_name` varchar(255) CHARACTER SET utf8 COLLATE utf8_general_ci NULL DEFAULT NULL COMMENT '系統設置名稱',
  `config_value` varchar(255) CHARACTER SET utf8 COLLATE utf8_general_ci NULL DEFAULT NULL COMMENT '系統設置數值',
  `config_type` int(3) NULL DEFAULT NULL COMMENT '系統設置 類型',
  PRIMARY KEY (`id`) USING BTREE
) ENGINE = InnoDB AUTO_INCREMENT = 3 CHARACTER SET = utf8 COLLATE = utf8_general_ci COMMENT = '系統配置' ROW_FORMAT = Compact;

-- ----------------------------
-- Records of simple_config
-- ----------------------------
INSERT INTO `simple_config` VALUES (1, NULL, 'e10adc3949ba59abbe56e057f20f883e', -1);
INSERT INTO `simple_config` VALUES (2, 'jwt-secret', '12345672', NULL);

-- ----------------------------
-- Table structure for sys_menu
-- ----------------------------
DROP TABLE IF EXISTS `sys_menu`;
CREATE TABLE `sys_menu`  (
  `id` int(4) NOT NULL AUTO_INCREMENT,
  `parent_id` int(4) NULL DEFAULT NULL COMMENT '父菜单',
  `icon` varchar(255) CHARACTER SET utf8 COLLATE utf8_general_ci NULL DEFAULT '' COMMENT '图标',
  `menu_code` varchar(32) CHARACTER SET utf8 COLLATE utf8_general_ci NULL DEFAULT NULL COMMENT '菜单编号',
  `menu_name` varchar(32) CHARACTER SET utf8 COLLATE utf8_general_ci NULL DEFAULT NULL COMMENT '菜单名称',
  `menu_describe` varchar(255) CHARACTER SET utf8 COLLATE utf8_general_ci NULL DEFAULT NULL COMMENT '菜单描述',
  `menu_href` varchar(255) CHARACTER SET utf8 COLLATE utf8_general_ci NULL DEFAULT NULL COMMENT '菜单链接',
  `query_string` varchar(255) CHARACTER SET utf8 COLLATE utf8_general_ci NULL DEFAULT NULL COMMENT '链接参数',
  `created_at` datetime(0) NULL DEFAULT NULL,
  `updated_at` datetime(0) NULL DEFAULT NULL,
  `order_no` int(11) NULL DEFAULT NULL COMMENT '排序号',
  PRIMARY KEY (`id`) USING BTREE
) ENGINE = InnoDB AUTO_INCREMENT = 70 CHARACTER SET = utf8 COLLATE = utf8_general_ci COMMENT = '系统-菜单表' ROW_FORMAT = Compact;

-- ----------------------------
-- Records of sys_menu
-- ----------------------------
INSERT INTO `sys_menu` VALUES (36, 0, 'fa fa-clone', NULL, '商城管理', NULL, '', NULL, '2017-06-19 10:57:59', '2017-06-19 10:57:59', 1);
INSERT INTO `sys_menu` VALUES (37, 36, 'fa fa-gift', NULL, '商品管理', NULL, '/mall/goods', NULL, '2017-06-19 10:59:42', '2017-06-19 10:59:42', 2);
INSERT INTO `sys_menu` VALUES (39, 0, 'icon-users', NULL, '会员管理', NULL, NULL, NULL, '2017-06-15 15:40:28', '2017-06-15 15:40:28', 11);
INSERT INTO `sys_menu` VALUES (40, 39, 'fa fa-user', NULL, '会员管理', NULL, '/user', NULL, '2017-06-15 15:40:41', '2017-06-15 15:40:41', 12);
INSERT INTO `sys_menu` VALUES (42, 0, 'fa fa-gamepad', NULL, '订单管理', NULL, NULL, NULL, '2017-06-15 15:41:08', '2017-06-15 15:41:08', 13);
INSERT INTO `sys_menu` VALUES (43, 42, 'fa fa-gears', NULL, '订单管理', NULL, '/order/index', NULL, '2017-06-19 10:47:47', '2017-06-19 10:47:47', 14);
INSERT INTO `sys_menu` VALUES (50, 0, '', NULL, '售后管理', NULL, NULL, NULL, '2017-06-15 15:42:33', '2017-06-15 15:42:33', 16);
INSERT INTO `sys_menu` VALUES (51, 50, '', NULL, '退货管理', NULL, '/refund', NULL, '2017-06-15 15:43:45', '2017-06-15 15:43:45', 17);
INSERT INTO `sys_menu` VALUES (52, 42, '', NULL, '订单评价', NULL, '/order/comment', NULL, '2017-06-19 10:47:43', '2017-06-19 10:47:43', 15);
INSERT INTO `sys_menu` VALUES (53, 0, '', NULL, '统计信息', NULL, NULL, NULL, '2017-06-19 10:35:29', '2017-06-19 10:35:29', 18);
INSERT INTO `sys_menu` VALUES (54, 53, '', NULL, '商品统计', NULL, '/statistics/goods', NULL, '2017-06-19 10:48:06', '2017-06-19 10:48:06', 19);
INSERT INTO `sys_menu` VALUES (55, 53, '', NULL, '销售统计', NULL, '/statistics/sales', NULL, '2017-06-19 10:48:11', '2017-06-19 10:48:11', 20);
INSERT INTO `sys_menu` VALUES (56, 0, '', NULL, '加盟店', NULL, NULL, NULL, '2017-06-19 10:38:54', '2017-06-19 10:38:54', 21);
INSERT INTO `sys_menu` VALUES (57, 56, '', NULL, '加盟店管理', NULL, '/lite/index', NULL, '2017-06-19 10:48:20', '2017-06-19 10:48:20', 22);
INSERT INTO `sys_menu` VALUES (58, 56, '', NULL, '加盟店设置', NULL, '/lite/mine', NULL, '2017-06-19 10:48:26', '2017-06-19 10:48:26', 23);
INSERT INTO `sys_menu` VALUES (59, 36, '', NULL, '分类列表', NULL, '/mall/type', NULL, '2017-06-19 10:59:45', '2017-06-19 10:59:45', 3);
INSERT INTO `sys_menu` VALUES (60, 36, '', NULL, '商品品牌', NULL, '/mall/brand', NULL, '2017-06-19 10:59:47', '2017-06-19 10:59:47', 4);
INSERT INTO `sys_menu` VALUES (61, 0, '', NULL, '运费管理', NULL, '', NULL, '2017-08-05 19:16:03', '2017-08-05 19:16:03', 24);
INSERT INTO `sys_menu` VALUES (62, 61, '', NULL, '保税仓直邮地', NULL, '/shipping/warehouse', NULL, '2017-06-19 10:53:24', '2017-06-19 10:53:24', 25);
INSERT INTO `sys_menu` VALUES (64, 0, '', NULL, '微客管理', NULL, NULL, NULL, '2017-06-19 10:55:33', '2017-06-19 10:55:33', 6);
INSERT INTO `sys_menu` VALUES (65, 64, '', NULL, '微客管理', NULL, '/v-custom/index', NULL, '2017-06-19 10:57:04', '2017-06-19 10:57:04', 7);
INSERT INTO `sys_menu` VALUES (66, 64, '', NULL, '佣金记录', NULL, '/v-custom/commission', NULL, '2017-06-19 10:57:38', '2017-06-19 10:57:38', 8);
INSERT INTO `sys_menu` VALUES (67, 36, '', NULL, '首页设置', NULL, '/mall/index', NULL, '2017-06-19 10:59:54', '2017-06-19 10:59:54', 5);
INSERT INTO `sys_menu` VALUES (68, 61, '', NULL, '运费管理', NULL, '/shipping/index', NULL, '2017-08-05 19:17:03', '2017-08-05 19:17:03', 26);
INSERT INTO `sys_menu` VALUES (69, 61, '', NULL, '运费管理(lite)', NULL, '/shipping/index2', NULL, '2017-08-05 19:17:36', '2017-08-05 19:17:36', 27);

-- ----------------------------
-- Table structure for sys_menu_role
-- ----------------------------
DROP TABLE IF EXISTS `sys_menu_role`;
CREATE TABLE `sys_menu_role`  (
  `id` int(9) NOT NULL AUTO_INCREMENT,
  `menu_id` int(9) NOT NULL COMMENT '菜单id',
  `role_id` int(9) NOT NULL COMMENT '角色id',
  PRIMARY KEY (`id`) USING BTREE,
  INDEX `fk_menu_id`(`menu_id`) USING BTREE,
  INDEX `fk_role_id`(`role_id`) USING BTREE,
  CONSTRAINT `sys_menu_role_ibfk_1` FOREIGN KEY (`menu_id`) REFERENCES `sys_menu` (`id`) ON DELETE CASCADE ON UPDATE CASCADE,
  CONSTRAINT `sys_menu_role_ibfk_2` FOREIGN KEY (`role_id`) REFERENCES `sys_role` (`id`) ON DELETE CASCADE ON UPDATE CASCADE
) ENGINE = InnoDB AUTO_INCREMENT = 33 CHARACTER SET = utf8 COLLATE = utf8_general_ci COMMENT = '系统-菜单-角色表' ROW_FORMAT = Compact;

-- ----------------------------
-- Records of sys_menu_role
-- ----------------------------
INSERT INTO `sys_menu_role` VALUES (3, 36, 1);
INSERT INTO `sys_menu_role` VALUES (4, 37, 1);
INSERT INTO `sys_menu_role` VALUES (5, 59, 1);
INSERT INTO `sys_menu_role` VALUES (6, 60, 1);
INSERT INTO `sys_menu_role` VALUES (7, 67, 1);
INSERT INTO `sys_menu_role` VALUES (8, 42, 1);
INSERT INTO `sys_menu_role` VALUES (9, 43, 1);
INSERT INTO `sys_menu_role` VALUES (10, 52, 1);
INSERT INTO `sys_menu_role` VALUES (11, 64, 1);
INSERT INTO `sys_menu_role` VALUES (12, 65, 1);
INSERT INTO `sys_menu_role` VALUES (13, 66, 1);
INSERT INTO `sys_menu_role` VALUES (28, 36, 5);
INSERT INTO `sys_menu_role` VALUES (29, 37, 5);
INSERT INTO `sys_menu_role` VALUES (30, 59, 5);
INSERT INTO `sys_menu_role` VALUES (31, 60, 5);
INSERT INTO `sys_menu_role` VALUES (32, 67, 5);

-- ----------------------------
-- Table structure for sys_permission
-- ----------------------------
DROP TABLE IF EXISTS `sys_permission`;
CREATE TABLE `sys_permission`  (
  `id` int(11) NOT NULL AUTO_INCREMENT,
  `resource_id` int(11) NULL DEFAULT NULL,
  `role_id` int(11) NULL DEFAULT NULL,
  `allow_get` tinyint(1) NULL DEFAULT NULL,
  `allow_post` tinyint(1) NULL DEFAULT NULL,
  `allow_put` tinyint(1) NULL DEFAULT NULL,
  `allow_delete` tinyint(1) NULL DEFAULT NULL,
  `updated_at` datetime(0) NULL DEFAULT NULL,
  `created_at` datetime(0) NULL DEFAULT NULL,
  PRIMARY KEY (`id`) USING BTREE,
  INDEX `fk_role_id`(`role_id`) USING BTREE,
  INDEX `fk_resource_id`(`resource_id`) USING BTREE,
  CONSTRAINT `sys_permission_ibfk_1` FOREIGN KEY (`resource_id`) REFERENCES `sys_resource` (`id`) ON DELETE CASCADE ON UPDATE NO ACTION,
  CONSTRAINT `sys_permission_ibfk_2` FOREIGN KEY (`role_id`) REFERENCES `sys_role` (`id`) ON DELETE CASCADE ON UPDATE NO ACTION
) ENGINE = InnoDB AUTO_INCREMENT = 4 CHARACTER SET = utf8mb4 COLLATE = utf8mb4_general_ci COMMENT = '资源-角色表' ROW_FORMAT = Compact;

-- ----------------------------
-- Records of sys_permission
-- ----------------------------
INSERT INTO `sys_permission` VALUES (1, 7, 1, 0, 0, 1, 0, '2017-11-05 00:21:12', '2017-11-05 00:21:12');
INSERT INTO `sys_permission` VALUES (2, 6, 1, 1, 0, 0, 0, '2017-11-19 19:59:16', '2017-11-05 00:21:23');
INSERT INTO `sys_permission` VALUES (3, 6, 5, 0, 1, 0, 0, '2017-11-05 00:43:07', '2017-11-05 00:43:07');

-- ----------------------------
-- Table structure for sys_resource
-- ----------------------------
DROP TABLE IF EXISTS `sys_resource`;
CREATE TABLE `sys_resource`  (
  `id` int(11) NOT NULL AUTO_INCREMENT,
  `resource_name` varchar(255) CHARACTER SET utf8mb4 COLLATE utf8mb4_general_ci NULL DEFAULT NULL COMMENT '资源名称',
  `resource_url` varchar(255) CHARACTER SET utf8mb4 COLLATE utf8mb4_general_ci NULL DEFAULT NULL COMMENT '资源路径',
  `query_string` varchar(255) CHARACTER SET utf8mb4 COLLATE utf8mb4_general_ci NULL DEFAULT NULL COMMENT '查询参数',
  `updated_at` datetime(0) NULL DEFAULT NULL,
  `created_at` datetime(0) NULL DEFAULT NULL,
  PRIMARY KEY (`id`) USING BTREE
) ENGINE = InnoDB AUTO_INCREMENT = 28 CHARACTER SET = utf8mb4 COLLATE = utf8mb4_general_ci COMMENT = '资源表' ROW_FORMAT = Compact;

-- ----------------------------
-- Records of sys_resource
-- ----------------------------
INSERT INTO `sys_resource` VALUES (6, '新增，查询分公司', '/branch', NULL, '2017-06-19 19:10:10', '2017-06-19 19:10:10');
INSERT INTO `sys_resource` VALUES (7, '分公司信息修改，删除', '/branch/*/**', NULL, '2017-06-30 10:24:56', '2017-06-30 10:24:56');
INSERT INTO `sys_resource` VALUES (8, '新增，查询商品', '/goods', NULL, '2017-06-19 19:11:34', '2017-06-19 19:11:34');
INSERT INTO `sys_resource` VALUES (9, '商品信息维护，删除', '/goods/*/**', NULL, '2017-06-23 19:28:26', '2017-06-23 19:28:26');
INSERT INTO `sys_resource` VALUES (10, '商品分类维护', '/goods-type/**', NULL, '2017-07-31 11:43:19', '2017-07-31 11:43:19');
INSERT INTO `sys_resource` VALUES (11, '商品品牌维护', '/goods-brand/**', NULL, '2017-07-31 11:43:25', '2017-07-31 11:43:25');
INSERT INTO `sys_resource` VALUES (12, '新增，查询加盟店', '/lite', NULL, '2017-06-30 14:53:07', '2017-06-30 14:53:07');
INSERT INTO `sys_resource` VALUES (13, '加盟店信息修改，删除', '/lite/*/**', NULL, '2017-06-30 15:14:58', '2017-06-30 15:14:58');
INSERT INTO `sys_resource` VALUES (14, '运费模板新增，保存', '/freight', NULL, NULL, NULL);
INSERT INTO `sys_resource` VALUES (15, '运费模板删除', '/freight/*/**', NULL, NULL, NULL);
INSERT INTO `sys_resource` VALUES (16, '加盟店商品信息维护', '/goods/lite-goods/*/***', NULL, NULL, NULL);
INSERT INTO `sys_resource` VALUES (17, '加盟店首页布局维护', '/home/**', NULL, NULL, NULL);
INSERT INTO `sys_resource` VALUES (18, '订单评论维护', '/order-comment/**', NULL, NULL, NULL);
INSERT INTO `sys_resource` VALUES (19, '订单查询', '/order', NULL, NULL, NULL);
INSERT INTO `sys_resource` VALUES (20, '订单维护', '/order/*/**', NULL, NULL, NULL);
INSERT INTO `sys_resource` VALUES (21, '订单统计', '/order/statistics', NULL, NULL, NULL);
INSERT INTO `sys_resource` VALUES (22, '商品售卖统计', '/order/detail/statistics', NULL, NULL, NULL);
INSERT INTO `sys_resource` VALUES (23, '查询用户', '/user/**', NULL, NULL, NULL);
INSERT INTO `sys_resource` VALUES (24, '查询佣金', '/user/commission', NULL, NULL, NULL);
INSERT INTO `sys_resource` VALUES (25, '查询微客', '/user/v', NULL, NULL, NULL);
INSERT INTO `sys_resource` VALUES (26, '保税仓直邮地维护', '/warehouse/**', NULL, NULL, NULL);
INSERT INTO `sys_resource` VALUES (27, '查看，修改我的加盟店', '/lite/mine', NULL, NULL, NULL);

-- ----------------------------
-- Table structure for sys_role
-- ----------------------------
DROP TABLE IF EXISTS `sys_role`;
CREATE TABLE `sys_role`  (
  `id` int(9) NOT NULL AUTO_INCREMENT,
  `role_code` varchar(32) CHARACTER SET utf8 COLLATE utf8_general_ci NULL DEFAULT '' COMMENT '角色编号',
  `role_name` varchar(32) CHARACTER SET utf8 COLLATE utf8_general_ci NOT NULL COMMENT '角色名',
  `role_type` int(3) NOT NULL DEFAULT 2 COMMENT '角色类型 1超管角色 2子账号角色 ',
  `is_enable` tinyint(1) NULL DEFAULT 1 COMMENT '是否启用',
  `updated_at` datetime(0) NULL DEFAULT NULL,
  `created_role` int(9) NULL DEFAULT NULL COMMENT '创建者',
  `created_user` int(11) NULL DEFAULT NULL,
  `created_at` datetime(0) NULL DEFAULT NULL,
  PRIMARY KEY (`id`) USING BTREE,
  UNIQUE INDEX `uk_roleCode`(`role_code`) USING BTREE,
  INDEX `fk_sys_role_created_user`(`created_user`) USING BTREE
) ENGINE = InnoDB AUTO_INCREMENT = 6 CHARACTER SET = utf8 COLLATE = utf8_general_ci COMMENT = '系统-角色表' ROW_FORMAT = Compact;

-- ----------------------------
-- Records of sys_role
-- ----------------------------
INSERT INTO `sys_role` VALUES (1, 'ROLE1', '螃蟹岬', 10003, 1, '2017-11-03 01:23:24', 0, 0, NULL);
INSERT INTO `sys_role` VALUES (5, 'hg', 'jkhjhk', 10004, 1, '2017-11-05 00:42:57', 1, 1, '2017-11-05 00:42:57');

-- ----------------------------
-- Table structure for sys_user
-- ----------------------------
DROP TABLE IF EXISTS `sys_user`;
CREATE TABLE `sys_user`  (
  `id` int(9) NOT NULL AUTO_INCREMENT,
  `username` varchar(32) CHARACTER SET utf8 COLLATE utf8_general_ci NOT NULL COMMENT '用户名',
  `nickname` varchar(32) CHARACTER SET utf8 COLLATE utf8_general_ci NOT NULL COMMENT '显示名',
  `pwd` varchar(32) CHARACTER SET utf8 COLLATE utf8_general_ci NOT NULL COMMENT '密码',
  `salt` varchar(32) CHARACTER SET utf8 COLLATE utf8_general_ci NULL DEFAULT NULL COMMENT '盐值',
  `tel` varchar(32) CHARACTER SET utf8 COLLATE utf8_general_ci NULL DEFAULT NULL COMMENT '电话',
  `user_type` int(6) NULL DEFAULT NULL COMMENT '系统用户类型 10001 母账号 10002子账号',
  `role_id` int(9) NULL DEFAULT NULL COMMENT '角色id ',
  `role_name` varchar(255) CHARACTER SET utf8 COLLATE utf8_general_ci NULL DEFAULT NULL COMMENT '角色名称',
  `is_enabled` tinyint(1) NOT NULL DEFAULT 1 COMMENT '是否启用',
  `is_locked` tinyint(1) NOT NULL DEFAULT 0 COMMENT '是否锁定',
  `created_user` int(11) NULL DEFAULT NULL COMMENT '创建者（为空表示root账号创建）',
  `enable_data_role` tinyint(1) NOT NULL DEFAULT 0 COMMENT '是否开启数据权限验证',
  `created_at` timestamp(0) NULL DEFAULT NULL,
  `last_login_date` timestamp(0) NULL DEFAULT NULL,
  `last_login_ip` varchar(255) CHARACTER SET utf8 COLLATE utf8_general_ci NULL DEFAULT NULL,
  PRIMARY KEY (`id`) USING BTREE,
  UNIQUE INDEX `uk_userame`(`username`) USING BTREE,
  INDEX `fk_role_id`(`role_id`) USING BTREE,
  INDEX `fk_user_type`(`user_type`) USING BTREE,
  CONSTRAINT `sys_user_ibfk_1` FOREIGN KEY (`user_type`) REFERENCES `data_dictionary` (`id`) ON DELETE NO ACTION ON UPDATE NO ACTION,
  CONSTRAINT `sys_user_ibfk_2` FOREIGN KEY (`role_id`) REFERENCES `sys_role` (`id`) ON DELETE SET NULL ON UPDATE NO ACTION
) ENGINE = InnoDB AUTO_INCREMENT = 7 CHARACTER SET = utf8 COLLATE = utf8_general_ci COMMENT = '管理员（系统账号system，root创建）' ROW_FORMAT = Compact;

-- ----------------------------
-- Records of sys_user
-- ----------------------------
INSERT INTO `sys_user` VALUES (1, 'admin', 'admin', 'e10adc3949ba59abbe56e057f20f883e', NULL, '', 10001, 1, '螃蟹岬', 1, 0, 0, 1, '2017-11-04 21:07:57', '2017-11-21 17:26:27', '127.0.0.1');
INSERT INTO `sys_user` VALUES (6, 'test1', 's', 'e10adc3949ba59abbe56e057f20f883e', NULL, '', 10002, 5, 'jkhjhk', 1, 0, 1, 0, '2017-11-05 01:08:54', '2017-11-05 01:15:23', '127.0.0.1');

-- ----------------------------
-- Table structure for sys_user_data_role
-- ----------------------------
DROP TABLE IF EXISTS `sys_user_data_role`;
CREATE TABLE `sys_user_data_role`  (
  `id` int(9) NOT NULL AUTO_INCREMENT,
  `sys_user_id` int(9) NOT NULL COMMENT '管理员id',
  `prefix_name` varchar(255) CHARACTER SET utf8 COLLATE utf8_general_ci NULL DEFAULT NULL COMMENT '表名',
  `column_name` varchar(255) CHARACTER SET utf8 COLLATE utf8_general_ci NULL DEFAULT NULL COMMENT '列名',
  `column_value` varchar(255) CHARACTER SET utf8 COLLATE utf8_general_ci NULL DEFAULT NULL COMMENT '值',
  `data_role_code` varchar(255) CHARACTER SET utf8 COLLATE utf8_general_ci NULL DEFAULT NULL,
  `extends_user` int(9) NULL DEFAULT NULL,
  PRIMARY KEY (`id`) USING BTREE,
  UNIQUE INDEX `uk_user_tb_col`(`sys_user_id`, `prefix_name`, `column_name`) USING BTREE,
  INDEX `fk_sys_user_id`(`sys_user_id`) USING BTREE,
  INDEX `fk_sys_user_data_role_extends_user`(`extends_user`) USING BTREE,
  CONSTRAINT `sys_user_data_role_ibfk_1` FOREIGN KEY (`extends_user`) REFERENCES `sys_user_data_role` (`sys_user_id`) ON DELETE CASCADE ON UPDATE CASCADE,
  CONSTRAINT `sys_user_data_role_ibfk_2` FOREIGN KEY (`sys_user_id`) REFERENCES `sys_user` (`id`) ON DELETE CASCADE ON UPDATE CASCADE
) ENGINE = InnoDB AUTO_INCREMENT = 6 CHARACTER SET = utf8 COLLATE = utf8_general_ci COMMENT = '系统-数据权限匹配' ROW_FORMAT = Compact;

-- ----------------------------
-- Records of sys_user_data_role
-- ----------------------------
INSERT INTO `sys_user_data_role` VALUES (3, 1, 'wechatMps', 'id', '7', 'BY_MP_ID', NULL);
INSERT INTO `sys_user_data_role` VALUES (5, 6, 'wechatMps', 'id', '7', 'BY_MP_ID', 1);

-- ----------------------------
-- Table structure for wechat_app
-- ----------------------------
DROP TABLE IF EXISTS `wechat_app`;
CREATE TABLE `wechat_app`  (
  `id` int(11) NOT NULL AUTO_INCREMENT,
  `agent_name` varchar(255) CHARACTER SET utf8 COLLATE utf8_general_ci NULL DEFAULT NULL COMMENT '应用名称',
  `agent_id` varchar(64) CHARACTER SET utf8 COLLATE utf8_general_ci NULL DEFAULT NULL COMMENT '应用ID',
  `secret` varchar(64) CHARACTER SET utf8 COLLATE utf8_general_ci NULL DEFAULT NULL COMMENT '应用密钥',
  `mpid` int(11) NULL DEFAULT NULL COMMENT '公众号关联ID',
  PRIMARY KEY (`id`) USING BTREE
) ENGINE = InnoDB AUTO_INCREMENT = 5 CHARACTER SET = utf8 COLLATE = utf8_general_ci COMMENT = '企业微信应用' ROW_FORMAT = Compact;

-- ----------------------------
-- Records of wechat_app
-- ----------------------------
INSERT INTO `wechat_app` VALUES (2, 'aa', 'ff', 'vvv', 7);
INSERT INTO `wechat_app` VALUES (3, 'gwa', 'waga', 'ga', 7);
INSERT INTO `wechat_app` VALUES (4, 'ga', 'aw', 'agwgwag', 8);

-- ----------------------------
-- Table structure for wechat_mch
-- ----------------------------
DROP TABLE IF EXISTS `wechat_mch`;
CREATE TABLE `wechat_mch`  (
  `id` int(3) NOT NULL AUTO_INCREMENT,
  `mch_no` varchar(16) CHARACTER SET utf8 COLLATE utf8_general_ci NOT NULL COMMENT '商戶號',
  `mch_key` varchar(64) CHARACTER SET utf8 COLLATE utf8_general_ci NOT NULL,
  `p12` blob NOT NULL COMMENT '證書',
  `p12_set_flag` tinyint(1) NOT NULL DEFAULT 0 COMMENT '证书有无上传标识',
  PRIMARY KEY (`id`) USING BTREE
) ENGINE = InnoDB AUTO_INCREMENT = 2 CHARACTER SET = utf8 COLLATE = utf8_general_ci COMMENT = '微信-商戶配置' ROW_FORMAT = Compact;

-- ----------------------------
-- Records of wechat_mch
-- ----------------------------
INSERT INTO `wechat_mch` VALUES (1, '1378755502', 'WangGuoHongWmeimob1234567890abcd', 0x30820B3802010330820B0206092A864886F70D010701A0820AF304820AEF30820AEB3082057F06092A864886F70D010706A08205703082056C0201003082056506092A864886F70D010701301C060A2A864886F70D010C0106300E040846E5950B0A410E810202080080820538F2A2C59B9DFA71252E93BFDD9B3860FDA218DE7DAB77FF3C56405175338C14676655A1AC679B2CD2071589EC17B46B4B63C61615264F98AA75B2012AB0D3B81A440709709A4D889C557898C353F7FCEB115EB1E3FA675A4C696D19364BF4C401FC39EDDF168E04447FDEB3682790CA89ED8641097662A0E92D8354C03E6F51BCF83E685FCB31CC0E4960D1BDA5D98D7E834D7F0B66294DE8CB8605ADCBA59F314DA5E43196DCF4677108623C2A0E2A91E90721B7EEE0F781583F114591D59AC49804DE81035341375F7B25AF1B9E32143A458DCE2BA4B857081146BC0623ACF0537A75D742FF25CAB51579C76EB9DF6AE7BB4FB2082A50AD8080DCB36941FAE12CC4C14077B77449A732DAC4623044CE2CAA5D46958D6F21AED13FA503BA085CF54BDEC0AECD9C362D443ECAA37304AF20E3A310466155005F86662DD383E6EA75F2910F3082F58075337E8AEB5D0F9650AE4C98F920FEF0C611F65E9D073E9E92CD77FAB2BFCB7C363B54355ECF5DA9DF920C2D2CF8BF3B7749E314F3647CD27CAF0F1A68D679DDD3285EE4E234D33E01D9082F0838B656B3F3D7C945BBAE5103D482BB357FDF2BF6CCE10B8605A8336D53D768C712D4E80669113C1870A590521C79AE2D6F43729E121CB3B2952FBDE9E9BCC3C349C29DB646017838EA397B9FD44F614759371BE8F0CF75F6B21FC270DFFDCC4AEF0F4E4AA984CECF0DD103310926DEEF87CA58B43DF164C45FA2DE22586726BD4486EFF5C9346ABAAE86AECE2E61AE44A2B00C0214F2F5F63C0B46A10209B17CAAF07C7B42F0C6B33D0AE364503227F5052D22C43E2F76B1B1982441A3999C6428374145A0605ED041325D052948B2266B969F29D187D7B5B3CAE4A6EA0453901EE7339BDD55CE45CD5D6DA2E8E2855AE2496BEBD1E0769D5F92C7CA1143FD1E4665D40B4912D4B8AA522D7C23E0D92538BCCF4D71BB15D10F276F0B52BD102FA83A0007F61EDB6596339B0FAC843FF6B1B4F15944331F5815F178A72477FB66AAC1662AE3D8FD1B68817B766CDCA8313DA5FFF3DD92F9468C256179725CAFF52C962469597F23CB2D10E2521383489ABA19101E54F44B96006E50867A7B4DAEA9A1F65F3E6993FC77E7F58E9508051CA1672970B3EA4DC68CAAD2BD072FD889600B889BD9BF004247BBC55176BD3D69C9D408B60C538A614D59A94F7F4B848C75A4120007CD5712A556A1C66B7136FCF501D787B39FCBC8A0B2FA4BF11223C1860964937CBE220196DA1C215BA55D4DEF5A8AA44ADFB9A9F12390054F25D8FAEBBB48579029064A4630E6E20EC6F989CA5326998E17CB7726D78B097CCC41CB79A66696A7A9BB8AFAC5DF125C24A5C33C7603863FA25D95BC7B00FD45E004175C6846E8043E1D1A60C577F5E85559B81D0F1810C74CB08754F2C510E4088F86E8DDDCD61A964562AB7D20CD1ED7FB39C28766D33AD08D874B3BFB10126CB369522C74B343BE2352E6669A8FF52C6F836AD2B63A03BE7389383E5EDCF32A06F273AC95A87C12DD108E0A3C696F0F6ECF85AE6CC53F92ABA164A6AF0FB4B7227CA9DA2916A7817CA72EFB4CBF5B1BBF4DD490F918C63DAEBBEC1599E2388AB294155F74862C8AF028846B72E5FFD2D4E836DB75B359E39A8A8D7EDFA40B1646C0CC6AC8D3228F2967C8B2E470796875932852DFC912C412A896E76FB4A9F3C035040373DBA4C8434ED23280754A29FEE471F683CCF3BFD1D1C167E2F52820498670260AA872222458FD3CEE88DCCF68BF7297AE680E68FEB3079430A17F5848B71A77357A0656C94BFE813D3BAC6B4EAEA85B87C5DB16E4ECCDBC4944A92AFD387199D1216571F0BE7368F065C50D76615575FCC8185BC891B686CA11928F05C98992D43082056406092A864886F70D010701A0820555048205513082054D30820549060B2A864886F70D010C0A0102A08204EE308204EA301C060A2A864886F70D010C0103300E04086E1919D2480BE0EC02020800048204C8F214829D8907DAF10569306A9A40974BAFE475CB58B594CFCE36C710912851058136A61697428599359296D8ADA3B2B40D8E567FB64A057212B3AB751578BC4322D61D825706D5C880C11298E14222DF694F5894783CC822D5A2A884FC817EA8FE71CB9FF5F92E41414F6B1BDCD49FE1306C3223A66E4ACA77010D97C988309A8E4BEBD08B2B025CE99F04ED95E625F9DC9718A6AB5D02134B814879575E4B6D1D2F3ED3C436B75EBA4A62261464AF34F9BCB49F6BC0DEB7C7FF764D3B7CAB77E1EA93572542C5E18F0894E9BC8225A6043F323B716F120A8E8BBEBE5CF43E34BC2A44D0F3BF17A7E36DC1E1296ECF5518D0C6E2E45D3D3159D544A80BC0C24199F3F0CE1D3990CAF0FCD003E43A85237149CF9EA2088712A97C8BBF9FF8F763E94765D468A7CD3193A66DB700D08174EC3227238D7B454380A1527BD8554FB7E6DCC8B37745006318E85BB26F75A97FA6637E3B9DEB27A15B0AD1968537694238B3605A4DD4063BFCB38086514836178B636337CDF49F0C5282E319287F2D1B2B42EA2591F3B30700A77EDA126A563F32E6CAE5BDC13A45757715E7441EED182EEE73F0F2CDAE540AA50E530A0FE3C08DE3E4003186A40AA6EDB0EFB9EC6DB243A50B8C5AA200DB4A3ED769F9DD46BBA17E357057D81D9E4C890467DD4AEF98662FBF00C4CC2FF88997A15969FC3480C9726F623E000BAC13A5A5D13D9EEA480AF216E384FF91633345F2F7375EE294C768B0D4AFC257716D271B747394949B33DE0851C4EC84AB18126C3089CB2BCC1E937AD2D41C9311A24A2A5BA9F3C7C1584D72B6CE4EE1AACA1228FF90CD30BF357B0DCCC36A35EE729258A1C8CD4ABF2FF54DB38F42A2FC4EF1A67D772E691E988A58FD92AA95A6AE93D59648DBD5C7EEDE6EE84CBDDAE12AB83148D89172AB3BEE3A8B0A01BB8354B042A29168475C1EEF850C329A5DA69CA6107252EAA4A0EFA42B17880B15E8A98E1BF734800215BEDFC3954C954A90E64474E69F97F0E77CCA85B5450EC14953AFE23F664A7DBEEB6765BF727EDD5865318E860CA54FDAE7719EFB93ABBA4AB67EC8AFCC71C0B6D2328D64B34580B5EFCD8A515279DB2C9B8527F95AC00C6EFDB2C436EEA453A7F18B6883B0168F4D557AEC088B4CC2674B23229C25C9C405151B35E39B5346E211D6BED7171310283F95AC19FF652C011BCA5CE1BF31072B6B59AE2F71E36D89B4C472AD8CDDE4397A5644B841957B99CAF0153C70AAE538DE0FB96A39057D545B694FAFB0B51DC4CFE507A5EFF71A7AB8C994ED2036290AFC14FAD392A854EE759D73F79972F8B56DF9AE02934B0CFFFE2D63E721723B2957F85BACC3A84D3CCB8E80D043AF8042BDAA0F73D6404B1E196305EB64EE7F7D54496AF482821B28BAFC60D00DC69073B0DA4D4D83DEBA18C30C5EECAFFEB3A5182CB413C5375EA6D8B638F88AB7645355EA1D61E47434A3BA7A1165555F4271944D8CC5ADDE5E0EE448158093208D9377C5A9413040A08FA9920A59AA8FDB81A4702EB3121CA0E4F892F47B48B7D1F5919779E93C0398C80C1BE685D50A7AB6A2ED8C8998F195EEBA23442287D104357E7CCB997E348C834C24A388E55AE7B3B191DDD7EEF1466D1589EB9048C066B4756F9C3F212C44E10AA0EC2E9023ED167D8818FBE6548487D616130A40B1A9023690DD8FE63B16ABEC07CAAFA4C55750FB8F4B1E3DFABBAB64D4A821DF35398A3148302106092A864886F70D01091431141E12004D004D0050006100790043006500720074302306092A864886F70D01091531160414F71A3A8FF355ED47DF6EEABF58D6262DACC98EEE302D3021300906052B0E03021A0500041444912A0CE821E2D47EE613421F9058AA947F005104082C9B53ECAC4978AD, 1);

-- ----------------------------
-- Table structure for wechat_mps
-- ----------------------------
DROP TABLE IF EXISTS `wechat_mps`;
CREATE TABLE `wechat_mps`  (
  `id` int(9) NOT NULL AUTO_INCREMENT,
  `sys_user_id` int(9) NULL DEFAULT NULL COMMENT '系統用戶id（弃用，原因：可被多个用户管理）',
  `mch_id` int(3) NULL DEFAULT NULL COMMENT '商戶id',
  `appid` varchar(32) CHARACTER SET utf8 COLLATE utf8_general_ci NULL DEFAULT NULL,
  `ghid` varchar(32) CHARACTER SET utf8 COLLATE utf8_general_ci NULL DEFAULT NULL COMMENT '原始id',
  `secret` varchar(64) CHARACTER SET utf8 COLLATE utf8_general_ci NULL DEFAULT NULL,
  `auth_url` varchar(255) CHARACTER SET utf8 COLLATE utf8_general_ci NULL DEFAULT NULL,
  `token` varchar(64) CHARACTER SET utf8 COLLATE utf8_general_ci NULL DEFAULT NULL,
  `encoding_aes_key` varchar(255) CHARACTER SET utf8 COLLATE utf8_general_ci NULL DEFAULT NULL COMMENT '消息加密密钥由43位字符组成，可随机修改，字符范围为A-Z，a-z，0-9。',
  `nick_name` varchar(255) CHARACTER SET utf8 COLLATE utf8_general_ci NULL DEFAULT NULL COMMENT '公众号昵称',
  `head_img` varchar(255) CHARACTER SET utf8 COLLATE utf8_general_ci NULL DEFAULT NULL COMMENT '公众号logo',
  `sub_qr` varchar(255) CHARACTER SET utf8 COLLATE utf8_general_ci NULL DEFAULT NULL COMMENT '关注二维码',
  `auth_scope` varchar(255) CHARACTER SET utf8 COLLATE utf8_general_ci NULL DEFAULT NULL COMMENT '授权作用域',
  `component_authorize_url` varchar(255) CHARACTER SET utf8 COLLATE utf8_general_ci NULL DEFAULT '' COMMENT '第三方授权地址',
  `component_authorize_openid_url` varchar(255) CHARACTER SET utf8 COLLATE utf8_general_ci NULL DEFAULT '' COMMENT '第三方授权地址回调',
  `service_type_info` tinyint(2) NULL DEFAULT NULL COMMENT '授权方公众号类型，0代表订阅号，1代表由历史老帐号升级后的订阅号，2代表服务号',
  PRIMARY KEY (`id`) USING BTREE,
  INDEX `fk_app_sys_userid`(`sys_user_id`) USING BTREE,
  INDEX `fk_app_mchid`(`mch_id`) USING BTREE,
  INDEX `appid`(`appid`) USING BTREE,
  CONSTRAINT `wechat_mps_ibfk_1` FOREIGN KEY (`mch_id`) REFERENCES `wechat_mch` (`id`) ON DELETE SET NULL ON UPDATE CASCADE
) ENGINE = InnoDB AUTO_INCREMENT = 9 CHARACTER SET = utf8 COLLATE = utf8_general_ci COMMENT = '微信-公衆平臺配置' ROW_FORMAT = Compact;

-- ----------------------------
-- Records of wechat_mps
-- ----------------------------
INSERT INTO `wechat_mps` VALUES (7, NULL, NULL, 'wxcc9a425363989bf2', 'gh_3cd8323f315b', '7d015622861450e01728945686187d37', '', '1FC155DF49C448A4A436AEBEBDEFC804', '', '测试公众号', NULL, 'http://oh6qch7cp.bkt.clouddn.com/FgODs7WSnAPmxk_o3q2NTooNcazU', 'snsapi_userinfo', '', '', NULL);
INSERT INTO `wechat_mps` VALUES (8, NULL, 1, 'wx9a6ea65a15d174f1', '', '1c56b796808757ee90c9ae02b7402cff', '', 'fas65f456a4w', '', '美萌Dev', NULL, NULL, 'snsapi_base', '', '', NULL);

-- ----------------------------
-- Table structure for wechat_mps_template
-- ----------------------------
DROP TABLE IF EXISTS `wechat_mps_template`;
CREATE TABLE `wechat_mps_template`  (
  `id` int(11) NOT NULL AUTO_INCREMENT,
  `template_short_id` varchar(32) CHARACTER SET utf8mb4 COLLATE utf8mb4_general_ci NULL DEFAULT NULL,
  `mpid` int(11) NULL DEFAULT NULL,
  `template_id` varchar(64) CHARACTER SET utf8mb4 COLLATE utf8mb4_general_ci NULL DEFAULT NULL,
  PRIMARY KEY (`id`) USING BTREE
) ENGINE = InnoDB AUTO_INCREMENT = 3 CHARACTER SET = utf8mb4 COLLATE = utf8mb4_general_ci COMMENT = '公众号模板消息' ROW_FORMAT = Compact;

-- ----------------------------
-- Records of wechat_mps_template
-- ----------------------------
INSERT INTO `wechat_mps_template` VALUES (1, 'TM00180', 8, 'tGgxRlnMJqKOZNViQ6FTFza71H1fLAarxE6If-8m1zo');
INSERT INTO `wechat_mps_template` VALUES (2, 'OPENTM200615675', 8, '4QbFkYpROhJdVVd8feEznDBR3awsuTQq6pq-Pu9VHSs');

-- ----------------------------
-- Table structure for wechat_template
-- ----------------------------
DROP TABLE IF EXISTS `wechat_template`;
CREATE TABLE `wechat_template`  (
  `id` int(11) NOT NULL AUTO_INCREMENT,
  `template_short_id` varchar(64) CHARACTER SET utf8mb4 COLLATE utf8mb4_general_ci NULL DEFAULT NULL COMMENT '开发者调用模板消息接口时需提供模板ID',
  `template_name` varchar(64) CHARACTER SET utf8mb4 COLLATE utf8mb4_general_ci NULL DEFAULT NULL COMMENT '模板消息名称',
  `detail` varchar(1024) CHARACTER SET utf8mb4 COLLATE utf8mb4_general_ci NULL DEFAULT NULL COMMENT '模板消息详情',
  `detail_href` varchar(255) CHARACTER SET utf8mb4 COLLATE utf8mb4_general_ci NULL DEFAULT NULL COMMENT '详情链接',
  `remark` varchar(255) CHARACTER SET utf8mb4 COLLATE utf8mb4_general_ci NULL DEFAULT NULL COMMENT '说明',
  PRIMARY KEY (`id`) USING BTREE
) ENGINE = InnoDB AUTO_INCREMENT = 6 CHARACTER SET = utf8mb4 COLLATE = utf8mb4_general_ci COMMENT = '模板消息库' ROW_FORMAT = Compact;

-- ----------------------------
-- Records of wechat_template
-- ----------------------------
INSERT INTO `wechat_template` VALUES (1, 'OPENTM200781461', '外卖单下单成功提醒', '\r\n{{first.DATA}}\r\n餐厅：{{keyword1.DATA}}\r\n下单时间：{{keyword2.DATA}}\r\n菜品：{{keyword3.DATA}}\r\n金额：{{keyword4.DATA}}\r\n{{remark.DATA}}', 'http://www.baidu.comw', '餐饮 - 餐饮');
INSERT INTO `wechat_template` VALUES (3, 'TM00346', '购买成功通知', '{{first.DATA}}\r\n订单金额：{{dp.DATA}}\r\n净营业额：{{bv.DATA}}\r\n销售指数：{{pv.DATA}}\r\n{{remark.DATA}}', '', '购买成功通知');
INSERT INTO `wechat_template` VALUES (4, 'TM00180', '服务器恢复通知', '{{first.DATA}}\r\n\r\n故障停止时间：{{time.DATA}}\r\n故障持续时间：{{last.DATA}}\r\n{{reason.DATA}}', '', '服务器恢复通知');
INSERT INTO `wechat_template` VALUES (5, 'OPENTM200615675', '工资到账提醒', '{{first.DATA}}\r\n用户名：{{keyword1.DATA}}\r\n本月工资：{{keyword2.DATA}}\r\n{{remark.DATA}}', 'http://www.wmeimob.com', '工资到账提醒 其他 - 其他');

-- ----------------------------
-- Table structure for wechat_template_detail
-- ----------------------------
DROP TABLE IF EXISTS `wechat_template_detail`;
CREATE TABLE `wechat_template_detail`  (
  `id` int(11) NOT NULL AUTO_INCREMENT,
  `wechat_template_id` int(11) NOT NULL COMMENT '数据库模板ID',
  `field_name` varchar(32) CHARACTER SET utf8mb4 COLLATE utf8mb4_general_ci NULL DEFAULT NULL COMMENT '模板消息字段名称',
  `field_value` varchar(255) CHARACTER SET utf8mb4 COLLATE utf8mb4_general_ci NULL DEFAULT NULL COMMENT '模板消息字段值',
  `field_color` varchar(255) CHARACTER SET utf8mb4 COLLATE utf8mb4_general_ci NULL DEFAULT NULL,
  PRIMARY KEY (`id`) USING BTREE
) ENGINE = InnoDB AUTO_INCREMENT = 26 CHARACTER SET = utf8mb4 COLLATE = utf8mb4_general_ci COMMENT = '模板消息字段配置' ROW_FORMAT = Compact;

-- ----------------------------
-- Records of wechat_template_detail
-- ----------------------------
INSERT INTO `wechat_template_detail` VALUES (1, 1, 'first.DATA', '您好a', NULL);
INSERT INTO `wechat_template_detail` VALUES (2, 1, 'keyword1.DATA', '长江南路店g', NULL);
INSERT INTO `wechat_template_detail` VALUES (3, 1, 'keyword2.DATA', '2017-08-31', NULL);
INSERT INTO `wechat_template_detail` VALUES (4, 1, 'keyword3.DATA', '鱼香肉丝', NULL);
INSERT INTO `wechat_template_detail` VALUES (5, 1, 'keyword4.DATA', '0.5毛', NULL);
INSERT INTO `wechat_template_detail` VALUES (6, 1, 'remark.DATA', '详情请点击查看', NULL);
INSERT INTO `wechat_template_detail` VALUES (13, 3, 'first.DATA', 'aa', '#000000');
INSERT INTO `wechat_template_detail` VALUES (14, 3, 'dp.DATA', 'af', '#000000');
INSERT INTO `wechat_template_detail` VALUES (15, 3, 'bv.DATA', 'awfw', '#000000');
INSERT INTO `wechat_template_detail` VALUES (16, 3, 'pv.DATA', 'afaw', '#000000');
INSERT INTO `wechat_template_detail` VALUES (17, 3, 'remark.DATA', 'fawf', '#000000');
INSERT INTO `wechat_template_detail` VALUES (18, 4, 'first.DATA', '您好，您的网站恢复访问', '#bea8fb');
INSERT INTO `wechat_template_detail` VALUES (19, 4, 'time.DATA', '2013-11-21 11:11:11', '#000000');
INSERT INTO `wechat_template_detail` VALUES (20, 4, 'last.DATA', '3小时', '#fd2f91');
INSERT INTO `wechat_template_detail` VALUES (21, 4, 'reason.DATA', '无法连接服务器', '#000000');
INSERT INTO `wechat_template_detail` VALUES (22, 5, 'first.DATA', '您的工资到账啦！！！😍😍😍', '#ffff00');
INSERT INTO `wechat_template_detail` VALUES (23, 5, 'keyword1.DATA', 'wmeimob', '#ed0107');
INSERT INTO `wechat_template_detail` VALUES (24, 5, 'keyword2.DATA', '₣1', '#58e140');
INSERT INTO `wechat_template_detail` VALUES (25, 5, 'remark.DATA', '点击详情查看', '#0000ff');

-- ----------------------------
-- Table structure for wechat_template_schedule
-- ----------------------------
DROP TABLE IF EXISTS `wechat_template_schedule`;
CREATE TABLE `wechat_template_schedule`  (
  `id` int(11) NOT NULL AUTO_INCREMENT,
  `schedule_id` int(11) NULL DEFAULT NULL COMMENT '计划任务ID',
  `template_short_id` varchar(16) CHARACTER SET utf8mb4 COLLATE utf8mb4_general_ci NULL DEFAULT NULL,
  `template_id` varchar(64) CHARACTER SET utf8mb4 COLLATE utf8mb4_general_ci NULL DEFAULT NULL COMMENT '模板消息ID',
  `template_name` varchar(32) CHARACTER SET utf8mb4 COLLATE utf8mb4_general_ci NULL DEFAULT NULL,
  `detail_href` varchar(255) CHARACTER SET utf8mb4 COLLATE utf8mb4_general_ci NULL DEFAULT NULL COMMENT '详情链接',
  `remark` varchar(255) CHARACTER SET utf8mb4 COLLATE utf8mb4_general_ci NULL DEFAULT NULL COMMENT '详情说明',
  `detail` varchar(1024) CHARACTER SET utf8mb4 COLLATE utf8mb4_general_ci NULL DEFAULT NULL COMMENT '消息内容',
  `send_at` datetime(0) NULL DEFAULT NULL COMMENT '任务时间',
  `complete_at` datetime(0) NULL DEFAULT NULL COMMENT '完成时间',
  `send_count` int(11) NULL DEFAULT NULL COMMENT '发送个数',
  `point` decimal(5, 2) NULL DEFAULT NULL,
  `mpid` int(11) NULL DEFAULT NULL COMMENT '公众号ID',
  `mp_name` varchar(255) CHARACTER SET utf8mb4 COLLATE utf8mb4_general_ci NULL DEFAULT NULL COMMENT '公众号名称',
  `send_status` int(5) NULL DEFAULT NULL COMMENT '发送状态 20000-20003 待发送 正在发送 已发送 已取消',
  `push_type` int(5) NULL DEFAULT 20006 COMMENT '推送设置 20005全部 20006 48小时活跃',
  PRIMARY KEY (`id`) USING BTREE
) ENGINE = InnoDB AUTO_INCREMENT = 181 CHARACTER SET = utf8mb4 COLLATE = utf8mb4_general_ci ROW_FORMAT = Compact;

-- ----------------------------
-- Records of wechat_template_schedule
-- ----------------------------
INSERT INTO `wechat_template_schedule` VALUES (5, NULL, 'TM00180', 'tGgxRlnMJqKOZNViQ6FTFza71H1fLAarxE6If-8m1zo', '服务器恢复通知', '', '服务器恢复通知', '{{first.DATA}}\r\n\r\n故障停止时间：{{time.DATA}}\r\n故障持续时间：{{last.DATA}}\r\n{{reason.DATA}}', '2017-09-01 21:30:00', NULL, 59, 100.00, 8, '美萌Dev', 20002, NULL);
INSERT INTO `wechat_template_schedule` VALUES (6, NULL, 'TM00180', 'tGgxRlnMJqKOZNViQ6FTFza71H1fLAarxE6If-8m1zo', '服务器恢复通知', '', '服务器恢复通知', '{{first.DATA}}\r\n\r\n故障停止时间：{{time.DATA}}\r\n故障持续时间：{{last.DATA}}\r\n{{reason.DATA}}', '2017-09-01 21:33:00', NULL, 59, 100.00, 8, '美萌Dev', 20002, NULL);
INSERT INTO `wechat_template_schedule` VALUES (7, NULL, 'TM00180', 'tGgxRlnMJqKOZNViQ6FTFza71H1fLAarxE6If-8m1zo', '服务器恢复通知', '', '服务器恢复通知', '{{first.DATA}}\r\n\r\n故障停止时间：{{time.DATA}}\r\n故障持续时间：{{last.DATA}}\r\n{{reason.DATA}}', '2017-09-01 21:35:00', NULL, 59, 100.00, 8, '美萌Dev', 20002, NULL);
INSERT INTO `wechat_template_schedule` VALUES (8, NULL, 'TM00180', 'tGgxRlnMJqKOZNViQ6FTFza71H1fLAarxE6If-8m1zo', '服务器恢复通知', '', '服务器恢复通知', '{{first.DATA}}\r\n\r\n故障停止时间：{{time.DATA}}\r\n故障持续时间：{{last.DATA}}\r\n{{reason.DATA}}', '2017-09-01 21:37:00', NULL, 59, 100.00, 8, '美萌Dev', 20002, NULL);
INSERT INTO `wechat_template_schedule` VALUES (9, NULL, 'TM00180', 'tGgxRlnMJqKOZNViQ6FTFza71H1fLAarxE6If-8m1zo', '服务器恢复通知', '', '服务器恢复通知', '{{first.DATA}}\r\n\r\n故障停止时间：{{time.DATA}}\r\n故障持续时间：{{last.DATA}}\r\n{{reason.DATA}}', '2017-09-01 21:38:00', NULL, 59, 100.00, 8, '美萌Dev', 20002, NULL);
INSERT INTO `wechat_template_schedule` VALUES (10, NULL, 'TM00180', 'tGgxRlnMJqKOZNViQ6FTFza71H1fLAarxE6If-8m1zo', '服务器恢复通知', '', '服务器恢复通知', '{{first.DATA}}\r\n\r\n故障停止时间：{{time.DATA}}\r\n故障持续时间：{{last.DATA}}\r\n{{reason.DATA}}', '2017-09-01 21:40:00', NULL, 59, 100.00, 8, '美萌Dev', 20002, NULL);
INSERT INTO `wechat_template_schedule` VALUES (11, NULL, 'TM00180', 'tGgxRlnMJqKOZNViQ6FTFza71H1fLAarxE6If-8m1zo', '服务器恢复通知', '', '服务器恢复通知', '{{first.DATA}}\r\n\r\n故障停止时间：{{time.DATA}}\r\n故障持续时间：{{last.DATA}}\r\n{{reason.DATA}}', '2017-09-01 22:05:00', NULL, 59, 100.00, 8, '美萌Dev', 20002, NULL);
INSERT INTO `wechat_template_schedule` VALUES (12, NULL, 'TM00180', 'tGgxRlnMJqKOZNViQ6FTFza71H1fLAarxE6If-8m1zo', '服务器恢复通知', '', '服务器恢复通知', '{{first.DATA}}\r\n\r\n故障停止时间：{{time.DATA}}\r\n故障持续时间：{{last.DATA}}\r\n{{reason.DATA}}', '2017-09-01 22:07:00', NULL, 59, 100.00, 8, '美萌Dev', 20002, NULL);
INSERT INTO `wechat_template_schedule` VALUES (13, NULL, 'TM00180', 'tGgxRlnMJqKOZNViQ6FTFza71H1fLAarxE6If-8m1zo', '服务器恢复通知', '', '服务器恢复通知', '{{first.DATA}}\r\n\r\n故障停止时间：{{time.DATA}}\r\n故障持续时间：{{last.DATA}}\r\n{{reason.DATA}}', '2017-09-01 22:09:00', NULL, 59, 100.00, 8, '美萌Dev', 20002, NULL);
INSERT INTO `wechat_template_schedule` VALUES (14, NULL, 'TM00180', 'tGgxRlnMJqKOZNViQ6FTFza71H1fLAarxE6If-8m1zo', '服务器恢复通知', '', '服务器恢复通知', '{{first.DATA}}\r\n\r\n故障停止时间：{{time.DATA}}\r\n故障持续时间：{{last.DATA}}\r\n{{reason.DATA}}', '2017-09-01 22:11:00', '2017-09-02 19:06:41', 59, 100.00, 8, '美萌Dev', 20002, NULL);
INSERT INTO `wechat_template_schedule` VALUES (15, NULL, 'TM00180', 'tGgxRlnMJqKOZNViQ6FTFza71H1fLAarxE6If-8m1zo', '服务器恢复通知', '', '服务器恢复通知', '{{first.DATA}}\r\n\r\n故障停止时间：{{time.DATA}}\r\n故障持续时间：{{last.DATA}}\r\n{{reason.DATA}}', '2017-09-01 22:16:00', NULL, 59, 100.00, 8, '美萌Dev', 20002, NULL);
INSERT INTO `wechat_template_schedule` VALUES (16, NULL, 'TM00180', 'tGgxRlnMJqKOZNViQ6FTFza71H1fLAarxE6If-8m1zo', '服务器恢复通知', '', '服务器恢复通知', '{{first.DATA}}\r\n\r\n故障停止时间：{{time.DATA}}\r\n故障持续时间：{{last.DATA}}\r\n{{reason.DATA}}', '2017-09-01 22:19:00', NULL, 59, 100.00, 8, '美萌Dev', 20002, NULL);
INSERT INTO `wechat_template_schedule` VALUES (17, NULL, 'TM00180', 'tGgxRlnMJqKOZNViQ6FTFza71H1fLAarxE6If-8m1zo', '服务器恢复通知', '', '服务器恢复通知', '{{first.DATA}}\r\n\r\n故障停止时间：{{time.DATA}}\r\n故障持续时间：{{last.DATA}}\r\n{{reason.DATA}}', '2017-09-01 22:23:00', NULL, 59, 100.00, 8, '美萌Dev', 20002, NULL);
INSERT INTO `wechat_template_schedule` VALUES (18, NULL, 'TM00180', 'tGgxRlnMJqKOZNViQ6FTFza71H1fLAarxE6If-8m1zo', '服务器恢复通知', '', '服务器恢复通知', '{{first.DATA}}\r\n\r\n故障停止时间：{{time.DATA}}\r\n故障持续时间：{{last.DATA}}\r\n{{reason.DATA}}', '2017-09-01 22:27:00', NULL, 59, 100.00, 8, '美萌Dev', 20002, NULL);
INSERT INTO `wechat_template_schedule` VALUES (19, NULL, 'TM00180', 'tGgxRlnMJqKOZNViQ6FTFza71H1fLAarxE6If-8m1zo', '服务器恢复通知', '', '服务器恢复通知', '{{first.DATA}}\r\n\r\n故障停止时间：{{time.DATA}}\r\n故障持续时间：{{last.DATA}}\r\n{{reason.DATA}}', '2017-09-01 22:32:00', NULL, 59, 100.00, 8, '美萌Dev', 20002, NULL);
INSERT INTO `wechat_template_schedule` VALUES (20, NULL, 'TM00180', 'tGgxRlnMJqKOZNViQ6FTFza71H1fLAarxE6If-8m1zo', '服务器恢复通知', '', '服务器恢复通知', '{{first.DATA}}\r\n\r\n故障停止时间：{{time.DATA}}\r\n故障持续时间：{{last.DATA}}\r\n{{reason.DATA}}', '2017-09-02 12:30:00', NULL, 59, 100.00, 8, '美萌Dev', 20002, NULL);
INSERT INTO `wechat_template_schedule` VALUES (21, NULL, 'TM00180', 'tGgxRlnMJqKOZNViQ6FTFza71H1fLAarxE6If-8m1zo', '服务器恢复通知', '', '服务器恢复通知', '{{first.DATA}}\r\n\r\n故障停止时间：{{time.DATA}}\r\n故障持续时间：{{last.DATA}}\r\n{{reason.DATA}}', '2017-09-02 12:30:00', NULL, 59, 100.00, 8, '美萌Dev', 20002, NULL);
INSERT INTO `wechat_template_schedule` VALUES (22, NULL, 'TM00180', 'tGgxRlnMJqKOZNViQ6FTFza71H1fLAarxE6If-8m1zo', '服务器恢复通知', '', '服务器恢复通知', '{{first.DATA}}\r\n\r\n故障停止时间：{{time.DATA}}\r\n故障持续时间：{{last.DATA}}\r\n{{reason.DATA}}', '2017-09-02 12:33:00', NULL, 59, 100.00, 8, '美萌Dev', 20002, NULL);
INSERT INTO `wechat_template_schedule` VALUES (23, NULL, 'TM00180', 'tGgxRlnMJqKOZNViQ6FTFza71H1fLAarxE6If-8m1zo', '服务器恢复通知', '', '服务器恢复通知', '{{first.DATA}}\r\n\r\n故障停止时间：{{time.DATA}}\r\n故障持续时间：{{last.DATA}}\r\n{{reason.DATA}}', '2017-09-02 12:33:00', NULL, 59, 100.00, 8, '美萌Dev', 20002, NULL);
INSERT INTO `wechat_template_schedule` VALUES (24, NULL, 'TM00180', 'tGgxRlnMJqKOZNViQ6FTFza71H1fLAarxE6If-8m1zo', '服务器恢复通知', '', '服务器恢复通知', '{{first.DATA}}\r\n\r\n故障停止时间：{{time.DATA}}\r\n故障持续时间：{{last.DATA}}\r\n{{reason.DATA}}', '2017-09-02 12:35:00', NULL, 59, 100.00, 8, '美萌Dev', 20002, NULL);
INSERT INTO `wechat_template_schedule` VALUES (25, NULL, 'TM00180', 'tGgxRlnMJqKOZNViQ6FTFza71H1fLAarxE6If-8m1zo', '服务器恢复通知', '', '服务器恢复通知', '{{first.DATA}}\r\n\r\n故障停止时间：{{time.DATA}}\r\n故障持续时间：{{last.DATA}}\r\n{{reason.DATA}}', '2017-09-02 12:35:00', NULL, 59, 100.00, 8, '美萌Dev', 20002, NULL);
INSERT INTO `wechat_template_schedule` VALUES (26, NULL, 'TM00180', 'tGgxRlnMJqKOZNViQ6FTFza71H1fLAarxE6If-8m1zo', '服务器恢复通知', '', '服务器恢复通知', '{{first.DATA}}\r\n\r\n故障停止时间：{{time.DATA}}\r\n故障持续时间：{{last.DATA}}\r\n{{reason.DATA}}', '2017-09-02 12:57:00', NULL, 59, 100.00, 8, '美萌Dev', 20002, NULL);
INSERT INTO `wechat_template_schedule` VALUES (27, NULL, 'TM00180', 'tGgxRlnMJqKOZNViQ6FTFza71H1fLAarxE6If-8m1zo', '服务器恢复通知', '', '服务器恢复通知', '{{first.DATA}}\r\n\r\n故障停止时间：{{time.DATA}}\r\n故障持续时间：{{last.DATA}}\r\n{{reason.DATA}}', '2017-09-02 12:57:00', NULL, 59, 100.00, 8, '美萌Dev', 20002, NULL);
INSERT INTO `wechat_template_schedule` VALUES (28, NULL, 'TM00180', 'tGgxRlnMJqKOZNViQ6FTFza71H1fLAarxE6If-8m1zo', '服务器恢复通知', '', '服务器恢复通知', '{{first.DATA}}\r\n\r\n故障停止时间：{{time.DATA}}\r\n故障持续时间：{{last.DATA}}\r\n{{reason.DATA}}', '2017-09-02 13:04:00', NULL, 59, 100.00, 8, '美萌Dev', 20002, NULL);
INSERT INTO `wechat_template_schedule` VALUES (29, NULL, 'TM00180', 'tGgxRlnMJqKOZNViQ6FTFza71H1fLAarxE6If-8m1zo', '服务器恢复通知', '', '服务器恢复通知', '{{first.DATA}}\r\n\r\n故障停止时间：{{time.DATA}}\r\n故障持续时间：{{last.DATA}}\r\n{{reason.DATA}}', '2017-09-02 13:04:00', NULL, 59, 100.00, 8, '美萌Dev', 20002, NULL);
INSERT INTO `wechat_template_schedule` VALUES (30, NULL, 'TM00180', 'tGgxRlnMJqKOZNViQ6FTFza71H1fLAarxE6If-8m1zo', '服务器恢复通知', '', '服务器恢复通知', '{{first.DATA}}\r\n\r\n故障停止时间：{{time.DATA}}\r\n故障持续时间：{{last.DATA}}\r\n{{reason.DATA}}', '2017-09-02 13:07:00', NULL, 59, 100.00, 8, '美萌Dev', 20002, NULL);
INSERT INTO `wechat_template_schedule` VALUES (31, NULL, 'TM00180', 'tGgxRlnMJqKOZNViQ6FTFza71H1fLAarxE6If-8m1zo', '服务器恢复通知', '', '服务器恢复通知', '{{first.DATA}}\r\n\r\n故障停止时间：{{time.DATA}}\r\n故障持续时间：{{last.DATA}}\r\n{{reason.DATA}}', '2017-09-02 13:09:00', NULL, 59, 100.00, 8, '美萌Dev', 20002, NULL);
INSERT INTO `wechat_template_schedule` VALUES (32, NULL, 'TM00180', 'tGgxRlnMJqKOZNViQ6FTFza71H1fLAarxE6If-8m1zo', '服务器恢复通知', '', '服务器恢复通知', '{{first.DATA}}\r\n\r\n故障停止时间：{{time.DATA}}\r\n故障持续时间：{{last.DATA}}\r\n{{reason.DATA}}', '2017-09-02 13:09:00', NULL, 59, 100.00, 8, '美萌Dev', 20002, NULL);
INSERT INTO `wechat_template_schedule` VALUES (33, NULL, 'TM00180', 'tGgxRlnMJqKOZNViQ6FTFza71H1fLAarxE6If-8m1zo', '服务器恢复通知', '', '服务器恢复通知', '{{first.DATA}}\r\n\r\n故障停止时间：{{time.DATA}}\r\n故障持续时间：{{last.DATA}}\r\n{{reason.DATA}}', '2017-09-02 13:25:00', NULL, 59, 100.00, 8, '美萌Dev', 20002, NULL);
INSERT INTO `wechat_template_schedule` VALUES (34, NULL, 'TM00180', 'tGgxRlnMJqKOZNViQ6FTFza71H1fLAarxE6If-8m1zo', '服务器恢复通知', '', '服务器恢复通知', '{{first.DATA}}\r\n\r\n故障停止时间：{{time.DATA}}\r\n故障持续时间：{{last.DATA}}\r\n{{reason.DATA}}', '2017-09-02 13:25:00', NULL, 59, 100.00, 8, '美萌Dev', 20002, NULL);
INSERT INTO `wechat_template_schedule` VALUES (35, NULL, 'TM00180', 'tGgxRlnMJqKOZNViQ6FTFza71H1fLAarxE6If-8m1zo', '服务器恢复通知', '', '服务器恢复通知', '{{first.DATA}}\r\n\r\n故障停止时间：{{time.DATA}}\r\n故障持续时间：{{last.DATA}}\r\n{{reason.DATA}}', '2017-09-02 13:36:00', NULL, 59, 100.00, 8, '美萌Dev', 20002, NULL);
INSERT INTO `wechat_template_schedule` VALUES (36, NULL, 'TM00180', 'tGgxRlnMJqKOZNViQ6FTFza71H1fLAarxE6If-8m1zo', '服务器恢复通知', '', '服务器恢复通知', '{{first.DATA}}\r\n\r\n故障停止时间：{{time.DATA}}\r\n故障持续时间：{{last.DATA}}\r\n{{reason.DATA}}', '2017-09-02 13:36:00', NULL, 59, 100.00, 8, '美萌Dev', 20002, NULL);
INSERT INTO `wechat_template_schedule` VALUES (37, NULL, 'TM00180', 'tGgxRlnMJqKOZNViQ6FTFza71H1fLAarxE6If-8m1zo', '服务器恢复通知', '', '服务器恢复通知', '{{first.DATA}}\r\n\r\n故障停止时间：{{time.DATA}}\r\n故障持续时间：{{last.DATA}}\r\n{{reason.DATA}}', '2017-09-02 13:38:00', NULL, 59, 100.00, 8, '美萌Dev', 20002, NULL);
INSERT INTO `wechat_template_schedule` VALUES (38, NULL, 'TM00180', 'tGgxRlnMJqKOZNViQ6FTFza71H1fLAarxE6If-8m1zo', '服务器恢复通知', '', '服务器恢复通知', '{{first.DATA}}\r\n\r\n故障停止时间：{{time.DATA}}\r\n故障持续时间：{{last.DATA}}\r\n{{reason.DATA}}', '2017-09-02 13:38:00', NULL, 59, 100.00, 8, '美萌Dev', 20002, NULL);
INSERT INTO `wechat_template_schedule` VALUES (39, NULL, 'TM00180', 'tGgxRlnMJqKOZNViQ6FTFza71H1fLAarxE6If-8m1zo', '服务器恢复通知', '', '服务器恢复通知', '{{first.DATA}}\r\n\r\n故障停止时间：{{time.DATA}}\r\n故障持续时间：{{last.DATA}}\r\n{{reason.DATA}}', '2017-09-02 13:40:00', NULL, 59, 100.00, 8, '美萌Dev', 20002, NULL);
INSERT INTO `wechat_template_schedule` VALUES (40, NULL, 'TM00180', 'tGgxRlnMJqKOZNViQ6FTFza71H1fLAarxE6If-8m1zo', '服务器恢复通知', '', '服务器恢复通知', '{{first.DATA}}\r\n\r\n故障停止时间：{{time.DATA}}\r\n故障持续时间：{{last.DATA}}\r\n{{reason.DATA}}', '2017-09-02 13:40:00', NULL, 59, 100.00, 8, '美萌Dev', 20002, NULL);
INSERT INTO `wechat_template_schedule` VALUES (41, NULL, 'TM00180', 'tGgxRlnMJqKOZNViQ6FTFza71H1fLAarxE6If-8m1zo', '服务器恢复通知', '', '服务器恢复通知', '{{first.DATA}}\r\n\r\n故障停止时间：{{time.DATA}}\r\n故障持续时间：{{last.DATA}}\r\n{{reason.DATA}}', '2017-09-02 13:40:00', NULL, 59, 100.00, 8, '美萌Dev', 20002, NULL);
INSERT INTO `wechat_template_schedule` VALUES (42, NULL, 'TM00180', 'tGgxRlnMJqKOZNViQ6FTFza71H1fLAarxE6If-8m1zo', '服务器恢复通知', '', '服务器恢复通知', '{{first.DATA}}\r\n\r\n故障停止时间：{{time.DATA}}\r\n故障持续时间：{{last.DATA}}\r\n{{reason.DATA}}', '2017-09-02 13:40:00', NULL, 59, 100.00, 8, '美萌Dev', 20002, NULL);
INSERT INTO `wechat_template_schedule` VALUES (43, NULL, 'TM00180', 'tGgxRlnMJqKOZNViQ6FTFza71H1fLAarxE6If-8m1zo', '服务器恢复通知', '', '服务器恢复通知', '{{first.DATA}}\r\n\r\n故障停止时间：{{time.DATA}}\r\n故障持续时间：{{last.DATA}}\r\n{{reason.DATA}}', '2017-09-02 13:48:00', NULL, 59, 100.00, 8, '美萌Dev', 20002, NULL);
INSERT INTO `wechat_template_schedule` VALUES (44, NULL, 'TM00180', 'tGgxRlnMJqKOZNViQ6FTFza71H1fLAarxE6If-8m1zo', '服务器恢复通知', '', '服务器恢复通知', '{{first.DATA}}\r\n\r\n故障停止时间：{{time.DATA}}\r\n故障持续时间：{{last.DATA}}\r\n{{reason.DATA}}', '2017-09-02 13:48:00', NULL, 59, 100.00, 8, '美萌Dev', 20002, NULL);
INSERT INTO `wechat_template_schedule` VALUES (45, NULL, 'TM00180', 'tGgxRlnMJqKOZNViQ6FTFza71H1fLAarxE6If-8m1zo', '服务器恢复通知', '', '服务器恢复通知', '{{first.DATA}}\r\n\r\n故障停止时间：{{time.DATA}}\r\n故障持续时间：{{last.DATA}}\r\n{{reason.DATA}}', '2017-09-02 13:48:00', NULL, 59, 100.00, 8, '美萌Dev', 20002, NULL);
INSERT INTO `wechat_template_schedule` VALUES (46, NULL, 'TM00180', 'tGgxRlnMJqKOZNViQ6FTFza71H1fLAarxE6If-8m1zo', '服务器恢复通知', '', '服务器恢复通知', '{{first.DATA}}\r\n\r\n故障停止时间：{{time.DATA}}\r\n故障持续时间：{{last.DATA}}\r\n{{reason.DATA}}', '2017-09-02 13:48:00', NULL, 59, 100.00, 8, '美萌Dev', 20002, NULL);
INSERT INTO `wechat_template_schedule` VALUES (47, NULL, 'TM00180', 'tGgxRlnMJqKOZNViQ6FTFza71H1fLAarxE6If-8m1zo', '服务器恢复通知', '', '服务器恢复通知', '{{first.DATA}}\r\n\r\n故障停止时间：{{time.DATA}}\r\n故障持续时间：{{last.DATA}}\r\n{{reason.DATA}}', '2017-09-02 14:00:00', NULL, 59, 100.00, 8, '美萌Dev', 20002, NULL);
INSERT INTO `wechat_template_schedule` VALUES (48, NULL, 'TM00180', 'tGgxRlnMJqKOZNViQ6FTFza71H1fLAarxE6If-8m1zo', '服务器恢复通知', '', '服务器恢复通知', '{{first.DATA}}\r\n\r\n故障停止时间：{{time.DATA}}\r\n故障持续时间：{{last.DATA}}\r\n{{reason.DATA}}', '2017-09-02 14:00:00', NULL, 59, 100.00, 8, '美萌Dev', 20002, NULL);
INSERT INTO `wechat_template_schedule` VALUES (56, NULL, 'TM00180', 'tGgxRlnMJqKOZNViQ6FTFza71H1fLAarxE6If-8m1zo', '服务器恢复通知', 'http://www.baidu.com', '服务器恢复通知', '{{first.DATA}}\r\n\r\n故障停止时间：{{time.DATA}}\r\n故障持续时间：{{last.DATA}}\r\n{{reason.DATA}}', '2017-09-02 18:36:00', NULL, 59, 100.00, 8, '美萌Dev', 20002, NULL);
INSERT INTO `wechat_template_schedule` VALUES (59, NULL, 'TM00180', 'tGgxRlnMJqKOZNViQ6FTFza71H1fLAarxE6If-8m1zo', '服务器恢复通知', 'http://www.163.com', '服务器恢复通知', '{{first.DATA}}\r\n\r\n故障停止时间：{{time.DATA}}\r\n故障持续时间：{{last.DATA}}\r\n{{reason.DATA}}', '2017-09-02 18:59:00', NULL, 59, 100.00, 8, '美萌Dev', 20002, NULL);
INSERT INTO `wechat_template_schedule` VALUES (78, NULL, 'TM00180', 'tGgxRlnMJqKOZNViQ6FTFza71H1fLAarxE6If-8m1zo', '服务器恢复通知', '', '服务器恢复通知', '{{first.DATA}}\r\n\r\n故障停止时间：{{time.DATA}}\r\n故障持续时间：{{last.DATA}}\r\n{{reason.DATA}}', '2017-09-02 21:00:00', '2017-09-02 21:00:01', 59, 100.00, 8, '美萌Dev', 20002, NULL);
INSERT INTO `wechat_template_schedule` VALUES (82, NULL, 'TM00180', 'tGgxRlnMJqKOZNViQ6FTFza71H1fLAarxE6If-8m1zo', '服务器恢复通知', '', '服务器恢复通知', '{{first.DATA}}\r\n\r\n故障停止时间：{{time.DATA}}\r\n故障持续时间：{{last.DATA}}\r\n{{reason.DATA}}', '2017-09-05 13:29:00', '2017-09-05 13:45:01', 1000000, 100.00, 8, '美萌Dev', 20002, NULL);
INSERT INTO `wechat_template_schedule` VALUES (87, NULL, 'TM00180', 'tGgxRlnMJqKOZNViQ6FTFza71H1fLAarxE6If-8m1zo', '服务器恢复通知', '', '服务器恢复通知', '{{first.DATA}}\r\n\r\n故障停止时间：{{time.DATA}}\r\n故障持续时间：{{last.DATA}}\r\n{{reason.DATA}}', '2017-09-05 16:22:00', '2017-09-05 16:29:18', 465974, 100.00, 8, '美萌Dev', 20002, NULL);
INSERT INTO `wechat_template_schedule` VALUES (173, NULL, 'TM00180', 'tGgxRlnMJqKOZNViQ6FTFza71H1fLAarxE6If-8m1zo', '服务器恢复通知', '', '服务器恢复通知', '{{first.DATA}}\r\n\r\n故障停止时间：{{time.DATA}}\r\n故障持续时间：{{last.DATA}}\r\n{{reason.DATA}}', '2017-10-18 18:03:00', '2017-10-18 19:34:07', 62, 100.00, 8, '美萌Dev', 20002, 20005);
INSERT INTO `wechat_template_schedule` VALUES (180, NULL, 'OPENTM200615675', '4QbFkYpROhJdVVd8feEznDBR3awsuTQq6pq-Pu9VHSs', '工资到账提醒', 'http://www.wmeimob.com', '工资到账提醒 其他 - 其他', '{{first.DATA}}\r\n用户名：{{keyword1.DATA}}\r\n本月工资：{{keyword2.DATA}}\r\n{{remark.DATA}}', '2017-10-31 11:39:00', NULL, 1519, 100.00, 8, '美萌Dev', 20001, 20006);

-- ----------------------------
-- Table structure for wechat_template_schedule_detail
-- ----------------------------
DROP TABLE IF EXISTS `wechat_template_schedule_detail`;
CREATE TABLE `wechat_template_schedule_detail`  (
  `id` int(11) NOT NULL AUTO_INCREMENT,
  `schedule_id` int(11) NOT NULL COMMENT '计划任务ID',
  `field_name` varchar(32) CHARACTER SET utf8mb4 COLLATE utf8mb4_general_ci NULL DEFAULT NULL COMMENT '模板消息字段名称',
  `field_value` varchar(255) CHARACTER SET utf8mb4 COLLATE utf8mb4_general_ci NULL DEFAULT NULL COMMENT '模板消息字段值',
  `field_color` varchar(255) CHARACTER SET utf8mb4 COLLATE utf8mb4_general_ci NULL DEFAULT NULL,
  PRIMARY KEY (`id`) USING BTREE
) ENGINE = InnoDB AUTO_INCREMENT = 750 CHARACTER SET = utf8mb4 COLLATE = utf8mb4_general_ci COMMENT = '模板消息字段配置' ROW_FORMAT = Compact;

-- ----------------------------
-- Records of wechat_template_schedule_detail
-- ----------------------------
INSERT INTO `wechat_template_schedule_detail` VALUES (34, 5, 'first.DATA', '您好，您的网站恢复访问', NULL);
INSERT INTO `wechat_template_schedule_detail` VALUES (35, 5, 'time.DATA', '2013-11-21 11:11:11', NULL);
INSERT INTO `wechat_template_schedule_detail` VALUES (36, 5, 'last.DATA', '3小时', NULL);
INSERT INTO `wechat_template_schedule_detail` VALUES (37, 5, 'reason.DATA', '无法连接服务器', NULL);
INSERT INTO `wechat_template_schedule_detail` VALUES (38, 6, 'first.DATA', '您好，您的网站恢复访问', NULL);
INSERT INTO `wechat_template_schedule_detail` VALUES (39, 6, 'time.DATA', '2013-11-21 11:11:11', NULL);
INSERT INTO `wechat_template_schedule_detail` VALUES (40, 6, 'last.DATA', '3小时', NULL);
INSERT INTO `wechat_template_schedule_detail` VALUES (41, 6, 'reason.DATA', '无法连接服务器', NULL);
INSERT INTO `wechat_template_schedule_detail` VALUES (42, 7, 'first.DATA', '您好，您的网站恢复访问', NULL);
INSERT INTO `wechat_template_schedule_detail` VALUES (43, 7, 'time.DATA', '2013-11-21 11:11:11', NULL);
INSERT INTO `wechat_template_schedule_detail` VALUES (44, 7, 'last.DATA', '3小时', NULL);
INSERT INTO `wechat_template_schedule_detail` VALUES (45, 7, 'reason.DATA', '无法连接服务器', NULL);
INSERT INTO `wechat_template_schedule_detail` VALUES (46, 8, 'first.DATA', '您好，您的网站恢复访问', NULL);
INSERT INTO `wechat_template_schedule_detail` VALUES (47, 8, 'time.DATA', '2013-11-21 11:11:11', NULL);
INSERT INTO `wechat_template_schedule_detail` VALUES (48, 8, 'last.DATA', '3小时', NULL);
INSERT INTO `wechat_template_schedule_detail` VALUES (49, 8, 'reason.DATA', '无法连接服务器', NULL);
INSERT INTO `wechat_template_schedule_detail` VALUES (50, 9, 'first.DATA', '您好，您的网站恢复访问', NULL);
INSERT INTO `wechat_template_schedule_detail` VALUES (51, 9, 'time.DATA', '2013-11-21 11:11:11', NULL);
INSERT INTO `wechat_template_schedule_detail` VALUES (52, 9, 'last.DATA', '3小时', NULL);
INSERT INTO `wechat_template_schedule_detail` VALUES (53, 9, 'reason.DATA', '无法连接服务器', NULL);
INSERT INTO `wechat_template_schedule_detail` VALUES (54, 10, 'first.DATA', '您好，您的网站恢复访问', NULL);
INSERT INTO `wechat_template_schedule_detail` VALUES (55, 10, 'time.DATA', '2013-11-21 11:11:11', NULL);
INSERT INTO `wechat_template_schedule_detail` VALUES (56, 10, 'last.DATA', '3小时', NULL);
INSERT INTO `wechat_template_schedule_detail` VALUES (57, 10, 'reason.DATA', '无法连接服务器', NULL);
INSERT INTO `wechat_template_schedule_detail` VALUES (58, 11, 'first.DATA', '您好，您的网站恢复访问', NULL);
INSERT INTO `wechat_template_schedule_detail` VALUES (59, 11, 'time.DATA', '2013-11-21 11:11:11', NULL);
INSERT INTO `wechat_template_schedule_detail` VALUES (60, 11, 'last.DATA', '3小时', NULL);
INSERT INTO `wechat_template_schedule_detail` VALUES (61, 11, 'reason.DATA', '无法连接服务器', NULL);
INSERT INTO `wechat_template_schedule_detail` VALUES (62, 12, 'first.DATA', '您好，您的网站恢复访问', NULL);
INSERT INTO `wechat_template_schedule_detail` VALUES (63, 12, 'time.DATA', '2013-11-21 11:11:11', NULL);
INSERT INTO `wechat_template_schedule_detail` VALUES (64, 12, 'last.DATA', '3小时', NULL);
INSERT INTO `wechat_template_schedule_detail` VALUES (65, 12, 'reason.DATA', '无法连接服务器', NULL);
INSERT INTO `wechat_template_schedule_detail` VALUES (66, 13, 'first.DATA', '您好，您的网站恢复访问', NULL);
INSERT INTO `wechat_template_schedule_detail` VALUES (67, 13, 'time.DATA', '2013-11-21 11:11:11', NULL);
INSERT INTO `wechat_template_schedule_detail` VALUES (68, 13, 'last.DATA', '3小时', NULL);
INSERT INTO `wechat_template_schedule_detail` VALUES (69, 13, 'reason.DATA', '无法连接服务器', NULL);
INSERT INTO `wechat_template_schedule_detail` VALUES (70, 14, 'first.DATA', '您好，您的网站恢复访问', NULL);
INSERT INTO `wechat_template_schedule_detail` VALUES (71, 14, 'time.DATA', '2013-11-21 11:11:11', NULL);
INSERT INTO `wechat_template_schedule_detail` VALUES (72, 14, 'last.DATA', '3小时', NULL);
INSERT INTO `wechat_template_schedule_detail` VALUES (73, 14, 'reason.DATA', '无法连接服务器', NULL);
INSERT INTO `wechat_template_schedule_detail` VALUES (74, 15, 'first.DATA', '您好，您的网站恢复访问', NULL);
INSERT INTO `wechat_template_schedule_detail` VALUES (75, 15, 'time.DATA', '2013-11-21 11:11:11', NULL);
INSERT INTO `wechat_template_schedule_detail` VALUES (76, 15, 'last.DATA', '3小时', NULL);
INSERT INTO `wechat_template_schedule_detail` VALUES (77, 15, 'reason.DATA', '无法连接服务器', NULL);
INSERT INTO `wechat_template_schedule_detail` VALUES (78, 16, 'first.DATA', '您好，您的网站恢复访问', NULL);
INSERT INTO `wechat_template_schedule_detail` VALUES (79, 16, 'time.DATA', '2013-11-21 11:11:11', NULL);
INSERT INTO `wechat_template_schedule_detail` VALUES (80, 16, 'last.DATA', '3小时', NULL);
INSERT INTO `wechat_template_schedule_detail` VALUES (81, 16, 'reason.DATA', '无法连接服务器', NULL);
INSERT INTO `wechat_template_schedule_detail` VALUES (82, 17, 'first.DATA', '您好，您的网站恢复访问', NULL);
INSERT INTO `wechat_template_schedule_detail` VALUES (83, 17, 'time.DATA', '2013-11-21 11:11:11', NULL);
INSERT INTO `wechat_template_schedule_detail` VALUES (84, 17, 'last.DATA', '3小时', NULL);
INSERT INTO `wechat_template_schedule_detail` VALUES (85, 17, 'reason.DATA', '无法连接服务器', NULL);
INSERT INTO `wechat_template_schedule_detail` VALUES (86, 18, 'first.DATA', '您好，您的网站恢复访问', NULL);
INSERT INTO `wechat_template_schedule_detail` VALUES (87, 18, 'time.DATA', '2013-11-21 11:11:11', NULL);
INSERT INTO `wechat_template_schedule_detail` VALUES (88, 18, 'last.DATA', '3小时', NULL);
INSERT INTO `wechat_template_schedule_detail` VALUES (89, 18, 'reason.DATA', '无法连接服务器', NULL);
INSERT INTO `wechat_template_schedule_detail` VALUES (90, 19, 'first.DATA', '您好，您的网站恢复访问', NULL);
INSERT INTO `wechat_template_schedule_detail` VALUES (91, 19, 'time.DATA', '2013-11-21 11:11:11', NULL);
INSERT INTO `wechat_template_schedule_detail` VALUES (92, 19, 'last.DATA', '3小时', NULL);
INSERT INTO `wechat_template_schedule_detail` VALUES (93, 19, 'reason.DATA', '无法连接服务器', NULL);
INSERT INTO `wechat_template_schedule_detail` VALUES (94, 20, 'first.DATA', '您好，您的网站恢复访问1', NULL);
INSERT INTO `wechat_template_schedule_detail` VALUES (95, 20, 'time.DATA', '2013-11-21 11:11:11', NULL);
INSERT INTO `wechat_template_schedule_detail` VALUES (96, 20, 'last.DATA', '3小时', NULL);
INSERT INTO `wechat_template_schedule_detail` VALUES (97, 20, 'reason.DATA', '无法连接服务器', NULL);
INSERT INTO `wechat_template_schedule_detail` VALUES (98, 21, 'first.DATA', '您好，您的网站恢复访问2', NULL);
INSERT INTO `wechat_template_schedule_detail` VALUES (99, 21, 'time.DATA', '2013-11-21 11:11:11', NULL);
INSERT INTO `wechat_template_schedule_detail` VALUES (100, 21, 'last.DATA', '3小时', NULL);
INSERT INTO `wechat_template_schedule_detail` VALUES (101, 21, 'reason.DATA', '无法连接服务器', NULL);
INSERT INTO `wechat_template_schedule_detail` VALUES (102, 22, 'first.DATA', '您好，您的网站恢复访问', NULL);
INSERT INTO `wechat_template_schedule_detail` VALUES (103, 22, 'time.DATA', '2013-11-21 11:11:11', NULL);
INSERT INTO `wechat_template_schedule_detail` VALUES (104, 22, 'last.DATA', '3小时', NULL);
INSERT INTO `wechat_template_schedule_detail` VALUES (105, 22, 'reason.DATA', '无法连接服务器', NULL);
INSERT INTO `wechat_template_schedule_detail` VALUES (106, 23, 'first.DATA', '您好，您的网站恢复访问', NULL);
INSERT INTO `wechat_template_schedule_detail` VALUES (107, 23, 'time.DATA', '2013-11-21 11:11:11', NULL);
INSERT INTO `wechat_template_schedule_detail` VALUES (108, 23, 'last.DATA', '3小时', NULL);
INSERT INTO `wechat_template_schedule_detail` VALUES (109, 23, 'reason.DATA', '无法连接服务器', NULL);
INSERT INTO `wechat_template_schedule_detail` VALUES (110, 24, 'first.DATA', '您好，您的网站恢复访问', NULL);
INSERT INTO `wechat_template_schedule_detail` VALUES (111, 24, 'time.DATA', '2013-11-21 11:11:11', NULL);
INSERT INTO `wechat_template_schedule_detail` VALUES (112, 24, 'last.DATA', '3小时', NULL);
INSERT INTO `wechat_template_schedule_detail` VALUES (113, 24, 'reason.DATA', '无法连接服务器', NULL);
INSERT INTO `wechat_template_schedule_detail` VALUES (114, 25, 'first.DATA', '您好，您的网站恢复访问', NULL);
INSERT INTO `wechat_template_schedule_detail` VALUES (115, 25, 'time.DATA', '2013-11-21 11:11:11', NULL);
INSERT INTO `wechat_template_schedule_detail` VALUES (116, 25, 'last.DATA', '3小时', NULL);
INSERT INTO `wechat_template_schedule_detail` VALUES (117, 25, 'reason.DATA', '无法连接服务器', NULL);
INSERT INTO `wechat_template_schedule_detail` VALUES (118, 26, 'first.DATA', '您好，您的网站恢复访问', NULL);
INSERT INTO `wechat_template_schedule_detail` VALUES (119, 26, 'time.DATA', '2013-11-21 11:11:11', NULL);
INSERT INTO `wechat_template_schedule_detail` VALUES (120, 26, 'last.DATA', '3小时', NULL);
INSERT INTO `wechat_template_schedule_detail` VALUES (121, 26, 'reason.DATA', '无法连接服务器', NULL);
INSERT INTO `wechat_template_schedule_detail` VALUES (122, 27, 'first.DATA', '您好，您的网站恢复访问', NULL);
INSERT INTO `wechat_template_schedule_detail` VALUES (123, 27, 'time.DATA', '2013-11-21 11:11:11', NULL);
INSERT INTO `wechat_template_schedule_detail` VALUES (124, 27, 'last.DATA', '3小时', NULL);
INSERT INTO `wechat_template_schedule_detail` VALUES (125, 27, 'reason.DATA', '无法连接服务器', NULL);
INSERT INTO `wechat_template_schedule_detail` VALUES (126, 28, 'first.DATA', '您好，您的网站恢复访问', NULL);
INSERT INTO `wechat_template_schedule_detail` VALUES (127, 28, 'time.DATA', '2013-11-21 11:11:11', NULL);
INSERT INTO `wechat_template_schedule_detail` VALUES (128, 28, 'last.DATA', '3小时', NULL);
INSERT INTO `wechat_template_schedule_detail` VALUES (129, 28, 'reason.DATA', '无法连接服务器', NULL);
INSERT INTO `wechat_template_schedule_detail` VALUES (130, 29, 'first.DATA', '您好，您的网站恢复访问', NULL);
INSERT INTO `wechat_template_schedule_detail` VALUES (131, 29, 'time.DATA', '2013-11-21 11:11:11', NULL);
INSERT INTO `wechat_template_schedule_detail` VALUES (132, 29, 'last.DATA', '3小时', NULL);
INSERT INTO `wechat_template_schedule_detail` VALUES (133, 29, 'reason.DATA', '无法连接服务器', NULL);
INSERT INTO `wechat_template_schedule_detail` VALUES (134, 30, 'first.DATA', '您好，您的网站恢复访问', NULL);
INSERT INTO `wechat_template_schedule_detail` VALUES (135, 30, 'time.DATA', '2013-11-21 11:11:11', NULL);
INSERT INTO `wechat_template_schedule_detail` VALUES (136, 30, 'last.DATA', '3小时', NULL);
INSERT INTO `wechat_template_schedule_detail` VALUES (137, 30, 'reason.DATA', '无法连接服务器', NULL);
INSERT INTO `wechat_template_schedule_detail` VALUES (138, 31, 'first.DATA', '您好，您的网站恢复访问', NULL);
INSERT INTO `wechat_template_schedule_detail` VALUES (139, 31, 'time.DATA', '2013-11-21 11:11:11', NULL);
INSERT INTO `wechat_template_schedule_detail` VALUES (140, 31, 'last.DATA', '3小时', NULL);
INSERT INTO `wechat_template_schedule_detail` VALUES (141, 31, 'reason.DATA', '无法连接服务器', NULL);
INSERT INTO `wechat_template_schedule_detail` VALUES (142, 32, 'first.DATA', '您好，您的网站恢复访问', NULL);
INSERT INTO `wechat_template_schedule_detail` VALUES (143, 32, 'time.DATA', '2013-11-21 11:11:11', NULL);
INSERT INTO `wechat_template_schedule_detail` VALUES (144, 32, 'last.DATA', '3小时', NULL);
INSERT INTO `wechat_template_schedule_detail` VALUES (145, 32, 'reason.DATA', '无法连接服务器', NULL);
INSERT INTO `wechat_template_schedule_detail` VALUES (146, 33, 'first.DATA', '您好，您的网站恢复访问', NULL);
INSERT INTO `wechat_template_schedule_detail` VALUES (147, 33, 'time.DATA', '2013-11-21 11:11:11', NULL);
INSERT INTO `wechat_template_schedule_detail` VALUES (148, 33, 'last.DATA', '3小时', NULL);
INSERT INTO `wechat_template_schedule_detail` VALUES (149, 33, 'reason.DATA', '无法连接服务器', NULL);
INSERT INTO `wechat_template_schedule_detail` VALUES (150, 34, 'first.DATA', '您好，您的网站恢复访问', NULL);
INSERT INTO `wechat_template_schedule_detail` VALUES (151, 34, 'time.DATA', '2013-11-21 11:11:11', NULL);
INSERT INTO `wechat_template_schedule_detail` VALUES (152, 34, 'last.DATA', '3小时', NULL);
INSERT INTO `wechat_template_schedule_detail` VALUES (153, 34, 'reason.DATA', '无法连接服务器', NULL);
INSERT INTO `wechat_template_schedule_detail` VALUES (154, 35, 'first.DATA', '您好，您的网站恢复访问', NULL);
INSERT INTO `wechat_template_schedule_detail` VALUES (155, 35, 'time.DATA', '2013-11-21 11:11:11', NULL);
INSERT INTO `wechat_template_schedule_detail` VALUES (156, 35, 'last.DATA', '3小时', NULL);
INSERT INTO `wechat_template_schedule_detail` VALUES (157, 35, 'reason.DATA', '无法连接服务器', NULL);
INSERT INTO `wechat_template_schedule_detail` VALUES (158, 36, 'first.DATA', '您好，您的网站恢复访问', NULL);
INSERT INTO `wechat_template_schedule_detail` VALUES (159, 36, 'time.DATA', '2013-11-21 11:11:11', NULL);
INSERT INTO `wechat_template_schedule_detail` VALUES (160, 36, 'last.DATA', '3小时', NULL);
INSERT INTO `wechat_template_schedule_detail` VALUES (161, 36, 'reason.DATA', '无法连接服务器', NULL);
INSERT INTO `wechat_template_schedule_detail` VALUES (162, 37, 'first.DATA', '您好，您的网站恢复访问', NULL);
INSERT INTO `wechat_template_schedule_detail` VALUES (163, 37, 'time.DATA', '2013-11-21 11:11:11', NULL);
INSERT INTO `wechat_template_schedule_detail` VALUES (164, 37, 'last.DATA', '3小时', NULL);
INSERT INTO `wechat_template_schedule_detail` VALUES (165, 37, 'reason.DATA', '无法连接服务器', NULL);
INSERT INTO `wechat_template_schedule_detail` VALUES (166, 38, 'first.DATA', '您好，您的网站恢复访问', NULL);
INSERT INTO `wechat_template_schedule_detail` VALUES (167, 38, 'time.DATA', '2013-11-21 11:11:11', NULL);
INSERT INTO `wechat_template_schedule_detail` VALUES (168, 38, 'last.DATA', '3小时', NULL);
INSERT INTO `wechat_template_schedule_detail` VALUES (169, 38, 'reason.DATA', '无法连接服务器', NULL);
INSERT INTO `wechat_template_schedule_detail` VALUES (170, 39, 'first.DATA', '您好，您的网站恢复访问', NULL);
INSERT INTO `wechat_template_schedule_detail` VALUES (171, 39, 'time.DATA', '2013-11-21 11:11:11', NULL);
INSERT INTO `wechat_template_schedule_detail` VALUES (172, 39, 'last.DATA', '3小时', NULL);
INSERT INTO `wechat_template_schedule_detail` VALUES (173, 39, 'reason.DATA', '无法连接服务器', NULL);
INSERT INTO `wechat_template_schedule_detail` VALUES (174, 40, 'first.DATA', '您好，您的网站恢复访问', NULL);
INSERT INTO `wechat_template_schedule_detail` VALUES (175, 40, 'time.DATA', '2013-11-21 11:11:11', NULL);
INSERT INTO `wechat_template_schedule_detail` VALUES (176, 40, 'last.DATA', '3小时', NULL);
INSERT INTO `wechat_template_schedule_detail` VALUES (177, 40, 'reason.DATA', '无法连接服务器', NULL);
INSERT INTO `wechat_template_schedule_detail` VALUES (178, 41, 'first.DATA', '您好，您的网站恢复访问', NULL);
INSERT INTO `wechat_template_schedule_detail` VALUES (179, 41, 'time.DATA', '2013-11-21 11:11:11', NULL);
INSERT INTO `wechat_template_schedule_detail` VALUES (180, 41, 'last.DATA', '3小时', NULL);
INSERT INTO `wechat_template_schedule_detail` VALUES (181, 41, 'reason.DATA', '无法连接服务器', NULL);
INSERT INTO `wechat_template_schedule_detail` VALUES (182, 42, 'first.DATA', '您好，您的网站恢复访问', NULL);
INSERT INTO `wechat_template_schedule_detail` VALUES (183, 42, 'time.DATA', '2013-11-21 11:11:11', NULL);
INSERT INTO `wechat_template_schedule_detail` VALUES (184, 42, 'last.DATA', '3小时', NULL);
INSERT INTO `wechat_template_schedule_detail` VALUES (185, 42, 'reason.DATA', '无法连接服务器', NULL);
INSERT INTO `wechat_template_schedule_detail` VALUES (186, 43, 'first.DATA', '您好，您的网站恢复访问', NULL);
INSERT INTO `wechat_template_schedule_detail` VALUES (187, 43, 'time.DATA', '2013-11-21 11:11:11', NULL);
INSERT INTO `wechat_template_schedule_detail` VALUES (188, 43, 'last.DATA', '3小时', NULL);
INSERT INTO `wechat_template_schedule_detail` VALUES (189, 43, 'reason.DATA', '无法连接服务器', NULL);
INSERT INTO `wechat_template_schedule_detail` VALUES (190, 44, 'first.DATA', '您好，您的网站恢复访问', NULL);
INSERT INTO `wechat_template_schedule_detail` VALUES (191, 44, 'time.DATA', '2013-11-21 11:11:11', NULL);
INSERT INTO `wechat_template_schedule_detail` VALUES (192, 44, 'last.DATA', '3小时', NULL);
INSERT INTO `wechat_template_schedule_detail` VALUES (193, 44, 'reason.DATA', '无法连接服务器', NULL);
INSERT INTO `wechat_template_schedule_detail` VALUES (194, 45, 'first.DATA', '您好，您的网站恢复访问', NULL);
INSERT INTO `wechat_template_schedule_detail` VALUES (195, 45, 'time.DATA', '2013-11-21 11:11:11', NULL);
INSERT INTO `wechat_template_schedule_detail` VALUES (196, 45, 'last.DATA', '3小时', NULL);
INSERT INTO `wechat_template_schedule_detail` VALUES (197, 45, 'reason.DATA', '无法连接服务器', NULL);
INSERT INTO `wechat_template_schedule_detail` VALUES (198, 46, 'first.DATA', '您好，您的网站恢复访问', NULL);
INSERT INTO `wechat_template_schedule_detail` VALUES (199, 46, 'time.DATA', '2013-11-21 11:11:11', NULL);
INSERT INTO `wechat_template_schedule_detail` VALUES (200, 46, 'last.DATA', '3小时', NULL);
INSERT INTO `wechat_template_schedule_detail` VALUES (201, 46, 'reason.DATA', '无法连接服务器', NULL);
INSERT INTO `wechat_template_schedule_detail` VALUES (202, 47, 'first.DATA', '您好，您的网站恢复访问1', NULL);
INSERT INTO `wechat_template_schedule_detail` VALUES (203, 47, 'time.DATA', '2013-11-21 11:11:11', NULL);
INSERT INTO `wechat_template_schedule_detail` VALUES (204, 47, 'last.DATA', '3小时', NULL);
INSERT INTO `wechat_template_schedule_detail` VALUES (205, 47, 'reason.DATA', '无法连接服务器', NULL);
INSERT INTO `wechat_template_schedule_detail` VALUES (206, 48, 'first.DATA', '您好，您的网站恢复访问2', NULL);
INSERT INTO `wechat_template_schedule_detail` VALUES (207, 48, 'time.DATA', '2013-11-21 11:11:11', NULL);
INSERT INTO `wechat_template_schedule_detail` VALUES (208, 48, 'last.DATA', '3小时', NULL);
INSERT INTO `wechat_template_schedule_detail` VALUES (209, 48, 'reason.DATA', '无法连接服务器', NULL);
INSERT INTO `wechat_template_schedule_detail` VALUES (250, 56, 'first.DATA', '您好，您的网站恢复访问', NULL);
INSERT INTO `wechat_template_schedule_detail` VALUES (251, 56, 'time.DATA', '2020-10-21 18:21:00', NULL);
INSERT INTO `wechat_template_schedule_detail` VALUES (252, 56, 'last.DATA', '3小时', NULL);
INSERT INTO `wechat_template_schedule_detail` VALUES (253, 56, 'reason.DATA', '无法连接服务器', NULL);
INSERT INTO `wechat_template_schedule_detail` VALUES (262, 59, 'first.DATA', '您好，您的网站恢复访问', NULL);
INSERT INTO `wechat_template_schedule_detail` VALUES (263, 59, 'time.DATA', '2035-12-21 08:31', NULL);
INSERT INTO `wechat_template_schedule_detail` VALUES (264, 59, 'last.DATA', '1小时', NULL);
INSERT INTO `wechat_template_schedule_detail` VALUES (265, 59, 'reason.DATA', '无法连接服务器', NULL);
INSERT INTO `wechat_template_schedule_detail` VALUES (338, 78, 'first.DATA', '您好，您的网站恢复访问', NULL);
INSERT INTO `wechat_template_schedule_detail` VALUES (339, 78, 'time.DATA', '2013-11-21 11:11:11', NULL);
INSERT INTO `wechat_template_schedule_detail` VALUES (340, 78, 'last.DATA', '3小时', NULL);
INSERT INTO `wechat_template_schedule_detail` VALUES (341, 78, 'reason.DATA', '无法连接服务器', NULL);
INSERT INTO `wechat_template_schedule_detail` VALUES (354, 82, 'first.DATA', '您好，您的网站恢复访问', NULL);
INSERT INTO `wechat_template_schedule_detail` VALUES (355, 82, 'time.DATA', '2013-11-21 11:11:11', NULL);
INSERT INTO `wechat_template_schedule_detail` VALUES (356, 82, 'last.DATA', '3小时', NULL);
INSERT INTO `wechat_template_schedule_detail` VALUES (357, 82, 'reason.DATA', '无法连接服务器', NULL);
INSERT INTO `wechat_template_schedule_detail` VALUES (374, 87, 'first.DATA', '您好，您的网站恢复访问2', '#bea8fb');
INSERT INTO `wechat_template_schedule_detail` VALUES (375, 87, 'time.DATA', '2013-11-21 11:11:11', '#000000');
INSERT INTO `wechat_template_schedule_detail` VALUES (376, 87, 'last.DATA', '3小时', '#000000');
INSERT INTO `wechat_template_schedule_detail` VALUES (377, 87, 'reason.DATA', '无法连接服务器', '#000000');
INSERT INTO `wechat_template_schedule_detail` VALUES (718, 173, 'first.DATA', '您好，您的网站恢复访问', '#bea8fb');
INSERT INTO `wechat_template_schedule_detail` VALUES (719, 173, 'time.DATA', '2013-11-21 11:11:11', '#000000');
INSERT INTO `wechat_template_schedule_detail` VALUES (720, 173, 'last.DATA', '3小时', '#fd2f91');
INSERT INTO `wechat_template_schedule_detail` VALUES (721, 173, 'reason.DATA', '无法连接服务器', '#000000');
INSERT INTO `wechat_template_schedule_detail` VALUES (746, 180, 'first.DATA', '您的工资到账啦！！！😍😍😍', '#ffff00');
INSERT INTO `wechat_template_schedule_detail` VALUES (747, 180, 'keyword1.DATA', 'wmeimob', '#ed0107');
INSERT INTO `wechat_template_schedule_detail` VALUES (748, 180, 'keyword2.DATA', '₣1\r\n￥0.01\r\n$0.05', '#58e140');
INSERT INTO `wechat_template_schedule_detail` VALUES (749, 180, 'remark.DATA', '点击详情查看', '#0000ff');

-- ----------------------------
-- Table structure for wechat_user
-- ----------------------------
DROP TABLE IF EXISTS `wechat_user`;
CREATE TABLE `wechat_user`  (
  `id` int(9) NOT NULL AUTO_INCREMENT,
  `appid` varchar(32) CHARACTER SET utf8 COLLATE utf8_general_ci NULL DEFAULT NULL COMMENT '所属公众号',
  `openid` varchar(32) CHARACTER SET utf8 COLLATE utf8_general_ci NOT NULL COMMENT '用户的唯一标识，对当前公众号唯一',
  `subscribe` tinyint(1) NULL DEFAULT NULL COMMENT '用户是否订阅该公众号标识，值为0时，代表此用户没有关注该公众号，拉取不到其余信息。',
  `subscribe_time` timestamp(0) NULL DEFAULT NULL COMMENT '用户关注时间，为时间戳。如果用户曾多次关注，则取最后关注时间',
  `remark` varchar(255) CHARACTER SET utf8 COLLATE utf8_general_ci NULL DEFAULT NULL COMMENT '公众号运营者对粉丝的备注，公众号运营者可在微信公众平台用户管理界面对粉丝添加备注',
  `nickname` varchar(255) CHARACTER SET utf8mb4 COLLATE utf8mb4_general_ci NULL DEFAULT NULL COMMENT '用户的昵称',
  `sex` tinyint(1) NULL DEFAULT NULL COMMENT '用户的性别，值为1时是男性，值为2时是女性，值为0时是未知',
  `province` varchar(255) CHARACTER SET utf8 COLLATE utf8_general_ci NULL DEFAULT NULL COMMENT '用户所在省份',
  `city` varchar(255) CHARACTER SET utf8 COLLATE utf8_general_ci NULL DEFAULT NULL COMMENT '用户所在城市',
  `country` varchar(255) CHARACTER SET utf8 COLLATE utf8_general_ci NULL DEFAULT NULL COMMENT '用户所在国家',
  `headimgurl` varchar(1024) CHARACTER SET utf8 COLLATE utf8_general_ci NULL DEFAULT NULL COMMENT '用户头像，最后一个数值代表正方形头像大小（有0、46、64、96、132数值可选，0代表640*640正方形头像），用户没有头像时该项为空。若用户更换头像，原有头像URL将失效。',
  `privilege` varchar(255) CHARACTER SET utf8 COLLATE utf8_general_ci NULL DEFAULT NULL COMMENT '用户特权信息，json 数组，如微信沃卡用户为（chinaunicom）',
  `unionid` varchar(255) CHARACTER SET utf8 COLLATE utf8_general_ci NULL DEFAULT NULL COMMENT '只有在用户将公众号绑定到微信开放平台帐号后，才会出现该字段。',
  `groupid` int(2) NULL DEFAULT NULL COMMENT '用户所在的分组ID（兼容旧的用户分组接口）',
  `targid_list` varchar(255) CHARACTER SET utf8 COLLATE utf8_general_ci NULL DEFAULT NULL COMMENT '用户被打上的标签ID列表',
  PRIMARY KEY (`id`) USING BTREE,
  UNIQUE INDEX `uk_wechat_user_openid`(`openid`) USING BTREE,
  INDEX `fk_wxuser_appid`(`appid`) USING BTREE,
  CONSTRAINT `wechat_user_ibfk_1` FOREIGN KEY (`appid`) REFERENCES `wechat_mps` (`appid`) ON DELETE SET NULL ON UPDATE CASCADE
) ENGINE = InnoDB AUTO_INCREMENT = 1 CHARACTER SET = utf8 COLLATE = utf8_general_ci COMMENT = '微信-用户表' ROW_FORMAT = Compact;

SET FOREIGN_KEY_CHECKS = 1;
